POSTSEASON RATINGS,POSTSEASON RATINGS,POSTSEASON RATINGS,POSTSEASON RATINGS,POSTSEASON RATINGS,POSTSEASON RATINGS,TOP TEN GAMESViewership is TV-only,TOP TEN GAMESViewership is TV-only,TOP TEN GAMESViewership is TV-only,TOP TEN GAMESViewership is TV-only,TOP TEN GAMESViewership is TV-only,TOP TEN GAMESViewership is TV-only,TOP TEN GAMESViewership is TV-only,TOP TEN GAMESViewership is TV-only,TOP TEN GAMESViewership is TV-only,TOP TEN GAMESViewership is TV-only,WEEKLY CFB RATINGS,WEEKLY CFB RATINGS,WEEKLY CFB RATINGS,WEEKLY CFB RATINGS,WEEKLY CFB RATINGS,WEEKLY CFB RATINGS,Year
RTG,VWRS(+ Stream),GAME,BOWL,DATE/TIME,NET,,,,,,,,,,,,,,,,,2017
15.6,(28.443M),"Alabama
Georgia",CFPNC,"Jan. 8, 8:00 PM","ESPN,ESPN2,ESPNU",,,,,,,,,,,,,,,,,2017
13.7,(26.913M),GeorgiaOklahoma,Rose (Semi),"Jan. 1, 5:00 PM",ESPN &ESPN2,,,,,,,,,,,,,,,,,2017
11.4,(21.473M),AlabamaClemson,Sugar (Semi),"Jan. 1, 9:00 PM",ESPN &ESPN2,,,,,,,,,,,,,,,,,2017
6.3,(11.727M),WisconsinMiami,Orange,"Dec. 30, 8:00 PM",ESPN,,,,,,,,,,,,,,,,,2017
5.7,(10.167M),Penn StateWashington,Fiesta,"Dec. 30, 4:00 PM",ESPN,,,,,,,,,,,,,,,,,2017
5.3,(9.468M),Ohio StateUSC,Cotton,"Dec. 29, 8:00 PM",ESPN,,,,,,,,,,,,,,,,,2017
5.1,(8.713M),Notre DameLSU,Citrus,"Jan. 1, 1:00 PM",ABC,,,,,,,,,,,,,,,,,2017
4.6,(8.377M),UCFAuburn,Peach,"Jan. 1, 12:30 PM",ESPN,,,,,,,,,,,,,,,,,2017
2.8,(5.050M),So. CarolinaMichigan,Outback,"Jan. 1, Noon",ESPN2,,,,,,,,,,,,,,,,,2017
2.8,(4.626M),NorthwesternKentucky,Music City,"Dec. 29, 5:15 PM",ESPN,,,,,,,,,,,,,,,,,2017
2.7,(4.424M),Miss. St.Louisville,Gator,"Dec. 30, Noon",ESPN,,,,,,,,,,,,,,,,,2017
2.5,(4.368M),TCUStanford,Alamo,"Dec. 28, 9:00 PM",ESPN,,,,,,,,,,,,,,,,,2017
2.6,(4.358M),Oklahoma St.Va. Tech,Orlando,"Dec. 28, 5:15 PM",ESPN,,,,,,,,,,,,,,,,,2017
2.3,(4.008M),IowaBost. College,Pinstripe,"Dec. 27, 5:15 PM",ESPN,,,,,,,,,,,,,,,,,2017
2.2,3.438M,Iowa St.Memphis,Liberty,"Dec. 30, 12:30 PM",ABC,,,,,,,,,,,,,,,,,2017
2.1,(3.455M),TexasMissouri,Texas,"Dec. 27, 9:00 PM",ESPN,,,,,,,,,,,,,,,,,2017
2.3,3.801M,Boise St.Oregon,Las Vegas,"Dec. 16, 3:30 PM",ABC,,,,,,,,,,,,,,,,,2017
2.1,(3.485M),ArmySDSU,Armed Forces,Dec. 23. 4:00 PM,ESPN,,,,,,,,,,,,,,,,,2017
2.15,(3.397M),USFTexas Tech,Birmingham,"Dec. 23, Noon",ESPN,,,,,,,,,,,,,,,,,2017
n.a.,(3.261M),K-StateUCLA,Cactus,"Dec. 26, 9:00 PM",ESPN,,,,,,,,,,,,,,,,,2017
n.a.,(2.957M),Wake ForestTexas A&M,Belk,"Dec. 29, 1:00 PM",ESPN,,,,,,,,,,,,,,,,,2017
1.7,2.826M,PurdueArizona,San Fran.,"Dec. 27, 8:30 PM",FOX,,,,,,,,,,,,,,,,,2017
n.a.,(2.526M),DukeNo. Illinois,Detroit,"Dec. 26, 5:15 PM",ESPN,,,,,,,,,,,,,,,,,2017
1.6,2.357M,N.C. A&TGrambling,Celebration,"Dec. 16, Noon",ABC,,,,,,,,,,,,,,,,,2017
n.a.,(2.205M),FSUSo. Miss.,Independence,"Dec. 27, 1:30 PM",ESPN,,,,,,,,,,,,,,,,,2017
1.5,2.205M,N.C. StateArizona St.,Sun,"Dec. 29, 3:15 PM",CBS,,,,,,,,,,,,,,,,,2017
n.a.,(2.204M),UtahW. Virginia,Heart ofDallas,"Dec. 26, 1:30 PM",ESPN,,,,,,,,,,,,,,,,,2017
1.1,(2.086M),Fresno St.Houston,Hawaii,"Dec. 24, 8:30 PM",ESPN,,,,,,,,,,,,,,,,,2017
n.a.,(2.052M),NavyVirginia,Military,"Dec. 28, 1:30 PM",ESPN,,,,,,,,,,,,,,,,,2017
1.0,(1.770M),App. StateToledo,Mobile,"Dec. 23, 7:00 PM",ESPN,,,,,,,,,,,,,,,,,2017
n.a.,1.613M,Michigan St.Wash. St.,Holiday,"Dec. 28, 9:00 PM",FS1,,,,,,,,,,,,,,,,,2017
1.0,(1.597M),TempleFIU,St. Pete,"Dec. 21, 8:00 PM",ESPN,,,,,,,,,,,,,,,,,2017
1.0,(1.515M),NDSUJMU,FCS Champ.,"Jan. 6, Noon",ESPN2,,,,,,,,,,,,,,,,,2017
n.a.,(1.394M),FAUAkron,Boca Raton,"Dec. 19, 7:00 PM",ESPN,,,,,,,,,,,,,,,,,2017
0.9,(1.327M),TroyN. Texas,New Orleans,"Dec. 16, 1:00 PM",ESPN,,,,,,,,,,,,,,,,,2017
n.a.,(1.250M),La. TechSMU,Frisco,"Dec. 20, 8:00 PM",ESPN,,,,,,,,,,,,,,,,,2017
0.75,(1.212M),MarshallColorado St.,New Mexico,"Dec. 16, 4:50 PM",ESPN,,,,,,,,,,,,,,,,,2017
0.7,(1.187M),Mid. Tenn. St.Ark. State,Camellia,"Dec. 16, 8:30 PM",ESPN,,,,,,,,,,,,,,,,,2017
0.36,(626K),Tex. A&M-Comm.W. Florida,Div IIChamp.,"Dec. 16, 6:00 PM",ESPN2,,,,,,,,,,,,,,,,,2017
,,,,,,Highest Rated,Highest Rated,Highest Rated,Highest Rated,Highest Rated,Most-Watched,Most-Watched,Most-Watched,Most-Watched,Most-Watched,,,,,,,2017
,,,,,,#,Date,Game,Net,Rtg.,#,Date,Game,Net,Vwrs.,,,,,,,2017
,,,,,,1,12/2,UGA-AUB,CBS,8.0,1,11/25,ALA-AUB,CBS,13.66M,,,,,,,2017
,,,,,,2,11/25,ALA-AUB,CBS,7.6,2,12/2,UGA-AUB,CBS,13.47M,,,,,,,2017
,,,,,,3,12/2,OSU-WISC,FOX,7.3,3,12/2,OSU-WISC,FOX,12.92M,,,,,,,2017
,,,,,,4,9/2,ALA-FSU,ABC,6.9,4,9/2,ALA-FSU,ABC,12.34M,,,,,,,2017
,,,,,,5,11/25,OSU-MICH,FOX,6.1,5,11/25,OSU-MICH,FOX,10.51M,,,,,,,2017
,,,,,,6,10/28,PSU-OSU,FOX,5.8,6,10/28,PSU-OSU,FOX,9.87M,,,,,,,2017
,,,,,,7,12/9,ARMY-NAVY,CBS,5.2,7,12/9,ARMY-NAVY,CBS,8.42M,,,,,,,2017
,,,,,,8,9/2,MICH-UF,ABC,4.9,8,9/9,OU-OSU,ABC,8.08M,,,,,,,2017
,,,,,,9,9/9,OU-OSU,ABC,4.6,9,9/2,MICH-UF,ABC,7.65M,,,,,,,2017
,,,,,,10,11/11,UGA-AUB,CBS,4.4,10,11/11,UGA-AUB,CBS,7.41M,,,,,,,2017
,,,,,,,,,,,,,,,,RTG,VWRS(+ Stream),GAME,CONF,DATE/TIME,NET,2017
,,,,,,,,,,,,,,,,WEEK FIFTEEN,WEEK FIFTEEN,WEEK FIFTEEN,WEEK FIFTEEN,WEEK FIFTEEN,WEEK FIFTEEN,2017
,,,,,,,,,,,,,,,,5.2,8.419M,ArmyNavy,Ind.American,"Dec. 8, 3:00 PM",CBS,2017
,,,,,,,,,,,,,,,,1.3,2.175M,Heisman Presentation,Heisman Presentation,"Dec. 8, 8:00 PM",ESPN,2017
,,,,,,,,,,,,,,,,n.a.,(1.063M),College GamedayFrom Army-Navy,College GamedayFrom Army-Navy,"Dec. 8, 9:00 AM",ESPN,2017
,,,,,,,,,,,,,,,,WEEK FOURTEEN,WEEK FOURTEEN,WEEK FOURTEEN,WEEK FOURTEEN,WEEK FOURTEEN,WEEK FOURTEEN,2017
,,,,,,,,,,,,,,,,8.0,13.466M,GeorgiaAuburn,SECChamp.,"Dec. 2, 4:00 PM",CBS,2017
,,,,,,,,,,,,,,,,7.3,12.918M,Ohio StateWisconsin,Big TenChamp.,"Dec. 2, 8:15 PM",FOX,2017
,,,,,,,,,,,,,,,,3.8,5.896M,OklahomaTCU,Big 12Champ.,"Dec. 2, 12:45 PM",FOX,2017
,,,,,,,,,,,,,,,,3.2,5.428M,ClemsonMiami,ACCChamp.,"Dec. 2, 8:00 PM",ABC,2017
,,,,,,,,,,,,,,,,2.3,(3.657M),USCStanford,Pac-12Champ.,"Dec. 1, 8:00 PM",ESPN,2017
,,,,,,,,,,,,,,,,2.3,3.385M,UCFMemphis,AmericanChamp.,"Dec. 2, Noon",ABC,2017
,,,,,,,,,,,,,,,,n.a.,(1.856M),College GamedayFrom ACC Championship,College GamedayFrom ACC Championship,"Dec. 2, 9:00 AM",ESPN,2017
,,,,,,,,,,,,,,,,n.a.,(1.630M),CFP Rankings ShowAll four hours,CFP Rankings ShowAll four hours,"Dec. 3, Noon",ESPN,2017
,,,,,,,,,,,,,,,,0.45,(652K),ToledoAkron,MACChamp.,"Dec. 2, Noon",ESPN,2017
,,,,,,,,,,,,,,,,0.39,(623K),Boise St.Fresno St.,MWCChamp.,"Dec. 2, 7:45 PM",ESPN,2017
,,,,,,,,,,,,,,,,n.a.,(255K),No. TexasFAU,C-USAChamp.,"Dec. 2, Noon",ESPN2,2017
,,,,,,,,,,,,,,,,n.a.,(225K),TroyArk. State.,Sun Belt,"Dec. 2, 7:30 PM",ESPN2,2017
,,,,,,,,,,,,,,,,WEEK THIRTEEN,WEEK THIRTEEN,WEEK THIRTEEN,WEEK THIRTEEN,WEEK THIRTEEN,WEEK THIRTEEN,2017
,,,,,,,,,,,,,,,,7.6,13.657M,AlabamaAuburn,SEC,"Nov. 25, 3:30 PM",CBS,2017
,,,,,,,,,,,,,,,,6.1,10.507M,Ohio StateMichigan,Big Ten,"Nov. 25, Noon",FOX,2017
,,,,,,,,,,,,,,,,3.0,5.263M(5.332M),Notre DameStanford,IndPac-12,"Nov. 25, 8:00 PM",ABC,2017
,,,,,,,,,,,,,,,,2.7,4.644M(4.700M),USFUCF,American,"Nov. 24, 3:30 PM",ABC,2017
,,,,,,,,,,,,,,,,2.8,4.562M(4.663M),MiamiPittsburgh,ACC,"Nov. 24, Noon",ABC,2017
,,,,,,,,,,,,,,,,2.2,(4.032M),ClemsonSo. Carolina,ACCSEC,"Nov. 25, 7:30 PM",ESPN,2017
,,,,,,,,,,,,,,,,2.1,3.609M,Texas TechTexas,Big 12,"Nov. 24, 8:15 PM",FOX,2017
,,,,,,,,,,,,,,,,1.7,2.766M,GeorgiaGa. Tech,SECACC,"Nov. 25, Noon",ABC,2017
,,,,,,,,,,,,,,,,1.5,2.600M,WisconsinMinnesota,Big Ten,"Nov. 25, 3:30 PM",ABC,2017
,,,,,,,,,,,,,,,,n.a.,2.502M,MissouriArkansas,SEC,"Nov. 24, 2:30 PM",CBS,2017
,,,,,,,,,,,,,,,,1.2,(2.468M),MississippiMiss. St.,SEC,"Nov. 23, 7:30 PM",ESPN,2017
,,,,,,,,,,,,,,,,1.3,2.390M,Wash. St.Washington,Pac-12,"Nov. 25, 8:00 PM",FOX,2017
,,,,,,,,,,,,,,,,n.a.,(2.291M),College GamedayFrom Iron Bowl,College GamedayFrom Iron Bowl,"Nov. 25, 9:00 AM",ESPN,2017
,,,,,,,,,,,,,,,,1.25,(2.144M),Virginia TechVirginia,ACC,"Nov. 24, 8:00 PM",ESPN,2017
,,,,,,,,,,,,,,,,1.2,(2.056M),FSUFlorida,ACCSEC,"Nov. 25, Noon",ESPN,2017
,,,,,,,,,,,,,,,,1.2,2.012M,Michigan St.Rutgers,Big Ten,"Nov. 25, 4:15 PM",FOX,2017
,,,,,,,,,,,,,,,,1.1,(1.898M),West VirginiaOklahoma,Big 12,"Nov. 25, 3:45 PM",ESPN,2017
,,,,,,,,,,,,,,,,n.a.,1.400M,IowaNebraska,Big Ten,"Nov. 25, 4:00 PM",FS1,2017
,,,,,,,,,,,,,,,,n.a.,(847K),CFP Rankings Show,CFP Rankings Show,"Nov. 21, 7:00 AM",ESPN,2017
,,,,,,,,,,,,,,,,0.40,(738K),Oregon St.Oregon,Pac-12,"Nov. 25, 7:00 PM",ESPN2,2017
,,,,,,,,,,,,,,,,n.a.,(699K),NavyHouston,American,"Nov. 24, Noon",ESPN,2017
,,,,,,,,,,,,,,,,0.31,(498K),Iowa St.K-State,Big 12,"Nov. 25, 3:30 PM",ESPN2,2017
,,,,,,,,,,,,,,,,0.31,(494K),CalUCLA,Pac-12,"Nov. 24, 10:30 PM",FS1,2017
,,,,,,,,,,,,,,,,n.a.,(472K),BaylorTCU,Big 12,"Nov. 24, Noon",FS1,2017
,,,,,,,,,,,,,,,,0.22,343K,KansasOklahoma St.,Big 12,"Nov. 25, Noon",FS1,2017
,,,,,,,,,,,,,,,,0.22,(336K),IndianaPurdue,Big Ten,"Nov. 25, Noon",ESPN2,2017
,,,,,,,,,,,,,,,,n.a.,(288K),Utah St.Air Force,MWC,"Nov. 25, 10:30 PM",ESPN2,2017
,,,,,,,,,,,,,,,,n.a.,(271K),UNCN.C. State,ACC,"Nov. 25, 3:30 PM",ESPNU,2017
,,,,,,,,,,,,,,,,n.a.,273K,ColoradoUtah,Pac-12,"Nov. 25, 10:00 PM",FS1,2017
,,,,,,,,,,,,,,,,n.a.,(242K),Kent StateAkron,MAC,"Nov. 21, 7:00 PM",ESPNU,2017
,,,,,,,,,,,,,,,,n.a.,(132K),W. MichiganToledo,MAC,"Nov. 24, 11:30 AM",ESPNU,2017
,,,,,,,,,,,,,,,,n.a.,(81K),ECUMemphis,American,"Nov. 25, Noon",ESPNU,2017
,,,,,,,,,,,,,,,,n.a.,(81K),UTSALa. Tech,Sun Belt,"Nov. 25, 7:30 PM",ESPNU,2017
,,,,,,,,,,,,,,,,n.a.,n.a.,WKUFIU,C-USA,"Nov. 24, 7:00 PM",beIN,2017
,,,,,,,,,,,,,,,,WEEK TWELVE,WEEK TWELVE,WEEK TWELVE,WEEK TWELVE,WEEK TWELVE,WEEK TWELVE,2017
,,,,,,,,,,,,,,,,3.3,5.226M,MichiganWisconsin,Big Ten,"Nov. 18, Noon",FOX,2017
,,,,,,,,,,,,,,,,2.5,4.048M,UCLAUSC,Pac-12,"Nov. 18, 8:00 PM",ABC,2017
,,,,,,,,,,,,,,,,2.3,(3.765M),CFP Rankings Show,CFP Rankings Show,"Nov. 14, 9:20 PM",ESPN,2017
,,,,,,,,,,,,,,,,2.1,3.397M,KentuckyGeorgia,SEC,"Nov. 18, 3:30 PM",CBS,2017
,,,,,,,,,,,,,,,,2.1,3.339M,VirginiaMiami,ACC,"Nov. 18, Noon",ABC,2017
,,,,,,,,,,,,,,,,2.0,3.203M,NavyNotre Dame,AmericanInd,"Nov. 18, 3:30 PM",NBC,2017
,,,,,,,,,,,,,,,,1.9,3.093M,IllinoisOhio State,Big Ten,"Nov. 18, 3:30 PM",ABC,2017
,,,,,,,,,,,,,,,,1.6,(2.946M),LSUTennessee,SEC,"Nov. 18, 7:15 PM",ESPN,2017
,,,,,,,,,,,,,,,,1.3,2.035M,MarylandMichigan St.,Big Ten,"Nov. 18, 4:00 PM",FOX,2017
,,,,,,,,,,,,,,,,n.a.,(1.911M),College GamedayFrom Michigan-Wisconsin,College GamedayFrom Michigan-Wisconsin,"Nov. 18, 9:00 AM",ESPN,2017
,,,,,,,,,,,,,,,,1.1,1.678M,Miss. St.Arkansas,SEC,"Nov. 18, Noon",CBS,2017
,,,,,,,,,,,,,,,,1.0,(1.606M),OklahomaKansas,Big 12,"Nov. 18, 3:30 PM",ESPN,2017
,,,,,,,,,,,,,,,,0.95,1.598M,CalStanford,Pac-12,"Nov. 18, 8:15 PM",FOX,2017
,,,,,,,,,,,,,,,,1.0,(1.594M),TexasW. Virginia,Big 12,"Nov. 18, Noon",ESPN,2017
,,,,,,,,,,,,,,,,0.8,1.564M,NebraskaPenn State,Big Ten,"Nov. 18, 4:00 PM",FS1,2017
,,,,,,,,,,,,,,,,0.9,(1.537M),UtahWashington,Pac-12,"Nov. 18, 10:30 PM",ESPN,2017
,,,,,,,,,,,,,,,,0.8,(1.516M),Texas A&MMississippi,SEC,"Nov. 18, 7:00 PM",ESPN2,2017
,,,,,,,,,,,,,,,,0.51,(831K),K-StateOklahoma St.,Big 12,"Nov. 18, 3:30 PM",ESPN2,2017
,,,,,,,,,,,,,,,,0.37,(545K),TulsaUSF,American,"Nov. 16, 7:30 PM",ESPN,2017
,,,,,,,,,,,,,,,,0.33,(526K),UL-MonroeAuburn,SEC,"Nov. 18, Noon",ESPN2,2017
,,,,,,,,,,,,,,,,0.26,(436K),Air ForceBoise St.,MWC,"Nov. 18, 10:45 PM",ESPN2,2017
,,,,,,,,,,,,,,,,n.a.,(412K),N.C. StateWake Forest,ACC,"Nov. 18, 7:30 PM",ESPNU,2017
,,,,,,,,,,,,,,,,0.25,388K,TCUTexas Tech,Big 12,"Nov. 18, Noon",FS1,2017
,,,,,,,,,,,,,,,,n.a.,(385K),W. MichiganN. Illinois,MAC,"Nov. 15, 7:00 PM",ESPN2,2017
,,,,,,,,,,,,,,,,n.a.,(359K),UNLVNew Mexico,MWC,"Nov. 17, 9:30 PM",ESPN2,2017
,,,,,,,,,,,,,,,,n.a.,(310K),OhioAkron,MWC,"Nov. 14, 7:00 PM",ESPN2,2017
,,,,,,,,,,,,,,,,n.a.,(223K),SyracuseLouisville,ACC,"Nov. 18, 3:30 PM",ESPNU,2017
,,,,,,,,,,,,,,,,n.a.,(175K),ToledoBowl. Green,MAC,"Nov. 15, 8:00 PM",ESPNU,2017
,,,,,,,,,,,,,,,,n.a.,(144K),UCFTemple,American,"Nov. 18, Noon",ESPNU,2017
,,,,,,,,,,,,,,,,n.a.,(112K),C. MichiganKent State,MAC,"Nov, 14, 7:00 PM",ESPNU,2017
,,,,,,,,,,,,,,,,n.a.,n.a.,"Army
North Texas",C-USA,"Nov. 18, 6:30 PM",beIN,2017
,,,,,,,,,,,,,,,,4.4,7.407M,GeorgiaAuburn,SEC,"Nov. 11, 3:30 PM",CBS,2017
,,,,,,,,,,,,,,,,3.9,(7.031M),AlabamaMiss. St.,SEC,"Nov. 11, 7:00 PM",ESPN,2017
,,,,,,,,,,,,,,,,3.9,6.727M,Notre DameMiami,Ind.ACC,"Nov. 11, 8:00 PM",ABC,2017
,,,,,,,,,,,,,,,,2.35,3.780M,IowaWisconsin,Big Ten,"Nov. 11, 4:00 PM",ABC,2017
,,,,,,,,,,,,,,,,2.4,3.728M,Michigan St.Ohio State,Big Ten,"Nov. 11, Noon",FOX,2017
,,,,,,,,,,,,,,,,2.0,2.995M,OKST-ISUor NCST-BC,Big 12ACC,"Nov. 11, Noon",ABC,2017
,,,,,,,,,,,,,,,,1.8,2.960M,TCUOklahoma,Big 12,"Nov. 11, 8:00 PM",FOX,2017
,,,,,,,,,,,,,,,,1.5,2.391M,FloridaS. Carolina,SEC,"Nov. 11, Noon",CBS,2017
,,,,,,,,,,,,,,,,n.a.,(2.108M),College GamedayFrom Notre Dame-Miami,College GamedayFrom Notre Dame-Miami,"Nov. 11, 9:00 AM",ESPN,2017
,,,,,,,,,,,,,,,,1.2,(2.032M),ArkansasLSU,SEC,"Nov. 11, Noon",ESPN,2017
,,,,,,,,,,,,,,,,1.1,(1.872M),FSUClemson,ACC,"Nov. 11, 3:30 PM",ESPN,2017
,,,,,,,,,,,,,,,,1.05,1.641M,USCColorado,Pac-12,"Nov. 11, 4:00 PM",FOX,2017
,,,,,,,,,,,,,,,,n.a.,1.057M,WashingtonStanford,Pac-12,"Nov. 10, 11:15 PM",FS1,2017
,,,,,,,,,,,,,,,,0.7,(1.015M),UNCPittsburgh,ACC,"Nov. 9, 7:30 PM",ESPN,2017
,,,,,,,,,,,,,,,,0.54,(983K),W. VirginiaK-State,Big 12,"Nov. 11, 3:30 PM",ESPN2,2017
,,,,,,,,,,,,,,,,n.a.,(761K),CFP Rankings Show,CFP Rankings Show,"Nov. 7, 7:00 PM",ESPN,2017
,,,,,,,,,,,,,,,,n.a.,(697K),TempleCincinnati,American,"Nov. 10, 7:00 PM",ESPN2,2017
,,,,,,,,,,,,,,,,0.39,659K,NebraskaMinnesota,Big Ten,"Nov. 11, Noon",FS1,2017
,,,,,,,,,,,,,,,,0.31,(531K),Oregon St.Arizona,Pac-12,"Nov. 11, 10:30 PM",ESPN2,2017
,,,,,,,,,,,,,,,,n.a.,(525K),BYUUNLV,Ind.MWC,"Nov. 10, 10:30 PM",ESPN2,2017
,,,,,,,,,,,,,,,,n.a.,(471K),ToledoOhio,MAC,"Nov. 8, 7:00 PM",ESPN2,2017
,,,,,,,,,,,,,,,,0.24,(421K),PurdueNorthwestern,Big Ten,"Nov. 11, 7:15 PM",ESPN2,2017
,,,,,,,,,,,,,,,,0.26,(408K),ABC reverse mirror,ABC reverse mirror,"Nov. 11, Noon",ESPN2,2017
,,,,,,,,,,,,,,,,n.a.,(369K),AkronMiami (Ohio),MAC,"Nov. 7, 7:30 PM",ESPN2,2017
,,,,,,,,,,,,,,,,n.a.,(222K),New MexicoTexas A&M,MWCSEC,"Nov. 11, 7:00 PM",ESPNU,2017
,,,,,,,,,,,,,,,,n.a.,(217K),VirginiaLouisville,ACC,"Nov. 11, 3:30 PM",ESPNU,2017
,,,,,,,,,,,,,,,,n.a.,(163K),UConnUSF,American,"Nov. 11, Noon",ESPNU,2017
,,,,,,,,,,,,,,,,n.a.,(159K),WyomingAir Force,MWC,"Nov. 11, 10:30 PM",ESPNU,2017
,,,,,,,,,,,,,,,,n.a.,(115K),E. MichiganC. Michigan,MAC,"Nov. 8, 8:15 PM",ESPNU,2017
,,,,,,,,,,,,,,,,n.a.,(102K),Ga. SouthernApp. State,Sun Belt,"Nov. 9, 7:30 PM",ESPNU,2017
,,,,,,,,,,,,,,,,n.a.,(89K),Bowl. GreenBuffalo,MAC,"Nov. 7, 7:30 PM",ESPNU,2017
,,,,,,,,,,,,,,,,n.a.,n.a.,W. KentuckyMarshall,C-USA,"Nov. 11, 6:30 PM",beIN,2017
,,,,,,,,,,,,,,,,WEEK TEN,WEEK TEN,WEEK TEN,WEEK TEN,WEEK TEN,WEEK TEN,2017
,,,,,,,,,,,,,,,,3.9,6.729M,LSUAlabama,SEC,"Nov. 4, 8:00 PM",CBS,2017
,,,,,,,,,,,,,,,,2.3,(4.112M),Ohio StateIowa,Big Ten,"Nov. 4, 3:30 PM",ESPN,2017
,,,,,,,,,,,,,,,,2.1,3.482M,S. CarolinaGeorgia,SEC,"Nov. 4, 3:30 PM",CBS,2017
,,,,,,,,,,,,,,,,1.9,3.102M,Penn StateMichigan St.,Big Ten,"Nov. 4, Noon",FOX,2017
,,,,,,,,,,,,,,,,1.8,3.011M,Va. TechMiami,ACC,"Nov. 4, 8:00 PM",ABC,2017
,,,,,,,,,,,,,,,,1.7,2.850M,MinnesotaMichigan,Big Ten,"Nov. 4, 8:30 PM",FOX,2017
,,,,,,,,,,,,,,,,1.8,2.834M,WisconsinIndiana,Big Ten,"Nov. 4, Noon",ABC,2017
,,,,,,,,,,,,,,,,1.8,2.831M,ClemsonN.C. State,ACC,"Nov. 4, 3:30 PM",ABC,2017
,,,,,,,,,,,,,,,,1.6,(2.631M),AuburnTexas A&M,SEC,"Nov. 4, Noon",ESPN,2017
,,,,,,,,,,,,,,,,1.4,2.486M,OklahomaOklahoma St.,Big 12,"Nov. 4, 4:00 PM",FS1,2017
,,,,,,,,,,,,,,,,1.3,1.987M,StanfordWashington St.,Pac-12,"Nov. 4, 3:30 PM**",FOX,2017
,,,,,,,,,,,,,,,,1.1,(1.939M),ArizonaUSC,Pac-12,"Nov. 4, 10:45 PM",ESPN,2017
,,,,,,,,,,,,,,,,1.2,1.903M,Wake ForestNotre Dame,ACCInd.,"Nov. 4, 3:30 PM",NBC,2017
,,,,,,,,,,,,,,,,1.1,(1.897M),TexasTCU,Big 12,"Nov. 4, 7:15 PM",ESPN,2017
,,,,,,,,,,,,,,,,n.a.,(1.738M),College GamedayFrom Oklahoma-Okla. St.,College GamedayFrom Oklahoma-Okla. St.,"Nov. 4, 9:00 AM",ESPN,2017
,,,,,,,,,,,,,,,,n.a.,(1.114M),CFP Rankings Show,CFP Rankings Show,"Oct. 31, 7:00 PM",ESPN,2017
,,,,,,,,,,,,,,,,0.51,986K,OregonWashington,Pac-12,"Nov. 4, 10:00 PM",FS1,2017
,,,,,,,,,,,,,,,,0.50,(876K),Iowa St.W. Virginia,Big 12,"Nov. 4, 3:30 PM",ESPN2,2017
,,,,,,,,,,,,,,,,0.48,(793K),FloridaMissouri,SEC,"Nov. 4, Noon",ESPN2,2017
,,,,,,,,,,,,,,,,0.51,(758K),NavyTemple,American,"Nov. 2, 8:00 PM",ESPN,2017
,,,,,,,,,,,,,,,,n.a.,(683K),MemphisTulsa,American,"Nov. 3, 8:00 PM",ESPN2,2017
,,,,,,,,,,,,,,,,n.a.,563K,UCLAUtah,Pac-12,"Nov. 3, 10:00 PM",FS1,2017
,,,,,,,,,,,,,,,,0.35,540K,K-StateTexas Tech,Big 12,"Nov. 4, Noon",FS1,2017
,,,,,,,,,,,,,,,,0.22,(369K),UCFSMU,American,"Nov. 4, 7:15 PM",ESPN2,2017
,,,,,,,,,,,,,,,,0.20,(324K),BYUFresno St.,Ind.MWC,"Nov. 4, 10:45 PM",ESPN2,2017
,,,,,,,,,,,,,,,,n.a.,(276K),Miami (Ohio)Ohio,MAC,"Oct. 31, 8:00 PM",ESPN2,2017
,,,,,,,,,,,,,,,,n.a.,(216K),C. MichiganW. Michigan,MAC,"Nov. 1, 8:00 PM",ESPN2,2017
,,,,,,,,,,,,,,,,n.a.,(156K),No. IllinoisToledo,MAC,"Nov. 2, 6:00 PM",ESPNU,2017
,,,,,,,,,,,,,,,,n.a.,(143K),NevadaBoise St.,MWC,"Nov. 4, 7:00 PM",ESPNU,2017
,,,,,,,,,,,,,,,,n.a.,(130K),IdahoTroy,Sun Belt,"Nov, 2, 9:30 PM",ESPNU,2017
,,,,,,,,,,,,,,,,n.a.,(83K),SDSUSJSU,MWC,"Nov. 4, 10:30 PM",ESPNU,2017
,,,,,,,,,,,,,,,,n.a.,(82K),WKUVanderbilt,C-USASEC,"Nov, 4, Noon",ESPNU,2017
,,,,,,,,,,,,,,,,n.a.,(74K),USFUConn,American,"Nov. 4, 3:30 PM",ESPNU,2017
,,,,,,,,,,,,,,,,n.a.,(70K),Bowl. GreenKent State,MAC,"Oct. 31, 8:00 PM",ESPNU,2017
,,,,,,,,,,,,,,,,n.a.,n.a.,UTEPMid. Tenn. St.,C-USA,"Nov. 4, 7:30 PM",beIN,2017
,,,,,,,,,,,,,,,,WEEK NINE,WEEK NINE,WEEK NINE,WEEK NINE,WEEK NINE,WEEK NINE,2017
,,,,,,,,,,,,,,,,5.75,9.868M(9.972M),Penn StateOhio State,Big Ten,"Oct. 28, 3:30 PM",FOX,2017
,,,,,,,,,,,,,,,,2.0,3.464M(3.550M),GT-CLEM orTTU-OU,ACCBig 12,"Oct. 28, 8:00 PM",ABC,2017
,,,,,,,,,,,,,,,,2.0,3.380M,GeorgiaFlorida,SEC,"Oct. 28, 3:30 PM",CBS,2017
,,,,,,,,,,,,,,,,2.2,3.365M,Oklahoma StateW. Virginia,Big 12,"Oct. 28, Noon",ABC,2017
,,,,,,,,,,,,,,,,1.8,2.850M,TCU-Iowa St. orUCLA-Washington,Big 12Pac-12,"Oct. 28, 3:30 PM",ABC,2017
,,,,,,,,,,,,,,,,1.6,2.625M,N.C. StateNotre Dame,ACCInd.,"Oct. 28, 3:30 PM",NBC,2017
,,,,,,,,,,,,,,,,1.2,(1.927M),WisconsinIllinois,Big Ten,"Oct. 28, Noon",ESPN,2017
,,,,,,,,,,,,,,,,n.a.,(1.812M),College GamedayFrom Ohio St.-Penn St.,College GamedayFrom Ohio St.-Penn St.,"Nov. 4, 9:00 AM",ESPN,2017
,,,,,,,,,,,,,,,,0.9,(1.640M),Mississippi St.Texas A&M,SEC,"Oct. 28, 7:15 PM",ESPN,2017
,,,,,,,,,,,,,,,,0.9,(1.419M),MiamiUNC,ACC,"Oct. 28, Noon",ESPN2,2017
,,,,,,,,,,,,,,,,0.9,(1.397M),FSUBoston College,ACC,"Oct. 27, 8:00 PM",ESPN,2017
,,,,,,,,,,,,,,,,0.8,(1.381M),USCArizona St.,Pac-12,"Oct. 28, 10:45 PM",ESPN,2017
,,,,,,,,,,,,,,,,n.a.,(1.162M),StanfordOregon St.,Pac-12,"Oct. 26, 9:00 PM",ESPN,2017
,,,,,,,,,,,,,,,,0.7,(1.117M),Michigan St.Northwestern,Big Ten,"Oct. 28, 3:30 PM",ESPN,2017
,,,,,,,,,,,,,,,,0.42,769K,MinnesotaIowa,Big Ten,"Oct. 28, 6:30 PM",FS1,2017
,,,,,,,,,,,,,,,,0.38,(645K),ABC reverse mirror,ABC reverse mirror,"Oct. 28, 8:00 PM",ESPN2,2017
,,,,,,,,,,,,,,,,n.a.,(601K),TexasBaylor,Big 12,"Oct. 28, Noon",ESPNU,2017
,,,,,,,,,,,,,,,,n.a.,(568K),CFP Rankings Show,CFP Rankings Show,"Oct. 24, 7:00 PM",ESPN,2017
,,,,,,,,,,,,,,,,0.24,(365K),ABC reverse mirror,ABC reverse mirror,"Oct. 28, 3:30 PM",ESPN2,2017
,,,,,,,,,,,,,,,,0.20,323K,K-StateKansas,Big 12,"Oct. 28, 3:00 PM",FS1,2017
,,,,,,,,,,,,,,,,n.a.,(225K),TulsaSMU,American,"Oct. 27, 9:00 PM",ESPN2,2017
,,,,,,,,,,,,,,,,n.a.,(177K),HoustonUSF,American,"Oct. 28, 3:45 PM",ESPNU,2017
,,,,,,,,,,,,,,,,n.a.,(130K),So. AlabamaGa. State,Sun Belt,"Oct. 26, 7:30 PM",ESPNU,2017
,,,,,,,,,,,,,,,,n.a.,(82K),New MexicoWyoming,MWC,"Oct. 28, 7:30 PM",ESPNU,2017
,,,,,,,,,,,,,,,,WEEK EIGHT,WEEK EIGHT,WEEK EIGHT,WEEK EIGHT,WEEK EIGHT,WEEK EIGHT,2017
,,,,,,,,,,,,,,,,3.9,6.954M(7.090M),MichiganPenn State,Big Ten,"Oct. 21, 7:30 PM",ABC,2017
,,,,,,,,,,,,,,,,2.8,4.446M,TennesseeAlabama,SEC,"Oct. 21, 3:30 PM",CBS,2017
,,,,,,,,,,,,,,,,2.5,3.829M(3.923M),Oklahoma St.Texas,Big 12,"Oct. 21, Noon",ABC,2017
,,,,,,,,,,,,,,,,2.2,3.501M(3.547M),IndianaMichigan St.,Big Ten,"Oct. 21, 3:45 PM",ABC,2017
,,,,,,,,,,,,,,,,1.9,3.000M,OklahomaK-State,Big 12,"Oct. 21, 4:30 PM",FOX,2017
,,,,,,,,,,,,,,,,1.8,2.988M,USCNotre Dame,Pac-12Ind.,"Oct. 21, 7:30 PM",NBC,2017
,,,,,,,,,,,,,,,,1.7,(2.580M),LouisvilleFSU,ACC,"Oct. 21, Noon",ESPN,2017
,,,,,,,,,,,,,,,,1.3,(2.093M),SyracuseMiami,ACC,"Oct. 21, 3:30 PM",ESPN,2017
,,,,,,,,,,,,,,,,1.1,(1.891M),LSUMississippi,SEC,"Oct. 21, 7:15 PM",ESPN,2017
,,,,,,,,,,,,,,,,n.a.,(1.842M),College GamedayFrom Michigan-Penn St.,College GamedayFrom Michigan-Penn St.,"Oct. 21, 9:00 PM",ESPN,2017
,,,,,,,,,,,,,,,,1.0,1.495M,MarylandWisconsin,Big Ten,"Oct. 21, Noon",FOX,2017
,,,,,,,,,,,,,,,,0.8,(1.392M),ColoradoWashington St.,Pac-12,"Oct. 21, 10:45 PM",ESPN,2017
,,,,,,,,,,,,,,,,0.7,1.191M,KansasTCU,Big 12,"Oct. 21, 8:00 PM",FOX,2017
,,,,,,,,,,,,,,,,0.5,(813K),IowaNorthwestern,Big Ten,"Oct. 21, Noon",ESPN2,2017
,,,,,,,,,,,,,,,,0.38,(565K),MemphisHouston,American,"Oct. 19, 8:00 PM",ESPN,2017
,,,,,,,,,,,,,,,,0.32,(546K),North CarolinaVa. Tech,ACC,"Oct. 21, 3:30 PM",ESPN2,2017
,,,,,,,,,,,,,,,,n.a.,(475K),CFP Rankings Show,CFP Rankings Show,"Oct. 17, 7:00 PM",ESPN,2017
,,,,,,,,,,,,,,,,n.a.,(453K),MarshallMid. Tenn.,C-USA,"Oct. 20, 7:00 PM",ESPN2,2017
,,,,,,,,,,,,,,,,0.26,(414K),WyomingBoise St.,MWC,"Oct. 21, 10:30 PM",ESPN2,2017
,,,,,,,,,,,,,,,,n.a.,(391K),Colorado St.New Mexico,MWC,"Oct. 20, 10:20 PM",ESPN2,2017
,,,,,,,,,,,,,,,,0.25,387K,Arizona St.Utah,Pac-12,"Oct. 21, 3:29 PM",FS1,2017
,,,,,,,,,,,,,,,,0.18,325K,W. VirginiaBaylor,Big 12,"Oct. 21, 8:00 PM",FS2,2017
,,,,,,,,,,,,,,,,0.21,307K,Iowa St.Texas Tech,Big 12,"Oct. 21, Noon",FS1,2017
,,,,,,,,,,,,,,,,n.a.,(284K),USFTulane,American,"Oct. 21, 7:00 PM",ESPN2,2017
,,,,,,,,,,,,,,,,n.a.,(200K),Wake ForestGa. Tech,ACC,"Oct. 21, 7:30 PM",ESPNU,2017
,,,,,,,,,,,,,,,,n.a.,(102K),SMUCincinnati,American,"Oct. 21, 4:00 PM",ESPNU,2017
,,,,,,,,,,,,,,,,n.a.,(72K),UL-LafayetteArk. State,Sun Belt,"Oct. 19, 7:30 PM",ESPNU,2017
,,,,,,,,,,,,,,,,n.a.,(70K),TulsaUConn,American,"Oct. 21, Noon",ESPNU,2017
,,,,,,,,,,,,,,,,n.a.,n.a.,UABCharlotte,C-USA,"Oct. 21, 6:30 PM",beIN,2017
,,,,,,,,,,,,,,,,WEEK SEVEN,WEEK SEVEN,WEEK SEVEN,WEEK SEVEN,WEEK SEVEN,WEEK SEVEN,2017
,,,,,,,,,,,,,,,,2.7,4.122M(4.210M),MichiganIndiana,Big Ten,"Oct. 14, Noon",ABC,2017
,,,,,,,,,,,,,,,,2.2,(3.866M),ArkansasAlabama,SEC,"Oct. 14, 7:30 PM",ESPN,2017
,,,,,,,,,,,,,,,,2.1,(3.619M),OklahomaTexas,Big 12,"Oct. 14, 3:30 PM",ESPN,2017
,,,,,,,,,,,,,,,,2.25,3.595M,AuburnLSU,SEC,"Oct. 14, 3:30 PM",CBS,2017
,,,,,,,,,,,,,,,,2.1,3.380M(3.441M),Ga. TechMiami,ACC,"Oct. 14, 4:00 PM",ABC,2017
,,,,,,,,,,,,,,,,2.0,3.192M(3.236M),UtahUSC,Pac-12,"Oct. 14, 8:00 PM",ABC,2017
,,,,,,,,,,,,,,,,1.7,(2.853M),ClemsonSyracuse,ACC,"Oct. 13, 7:00 PM",ESPN,2017
,,,,,,,,,,,,,,,,1.7,(2.532M),S. CarolinaTennessee,SEC,"Oct. 14, Noon",ESPN,2017
,,,,,,,,,,,,,,,,1.3,2.375M(2.417M),Ohio StateNebraska,Big Ten,"Oct. 14, 7:30 PM",FS1,2017
,,,,,,,,,,,,,,,,1.4,(2.277M),WashingtonArizona St.,Pac-12,"Oct. 14, 10:45 PM",ESPN,2017
,,,,,,,,,,,,,,,,1.4,(2.261M),Washington St.Cal,Pac-12,"Oct. 13, 10:30 PM",ESPN,2017
,,,,,,,,,,,,,,,,1.2,(2.112M),Texas A&MFlorida,SEC,"Oct. 14, 7:00 PM",ESPN2,2017
,,,,,,,,,,,,,,,,n.a.,(1.884M),College GamedayFrom James Madison,College GamedayFrom James Madison,"Oct. 7, 9 AM",ESPN,2017
,,,,,,,,,,,,,,,,0.6,(894K),FSUDuke,ACC,"Oct. 14, Noon",ESPN2,2017
,,,,,,,,,,,,,,,,n.a.,(839K),Texas TechW. Virginia,Big 12,"Oct. 14, Noon",ESPNU,2017
,,,,,,,,,,,,,,,,0.38,700K,OregonStanford,Pac-12,"Oct. 14, 11:00 PM",FS1,2017
,,,,,,,,,,,,,,,,n.a.,(631K),CFP Rankings Show,CFP Rankings Show,"Oct. 10, 7:00 PM",ESPN,2017
,,,,,,,,,,,,,,,,0.36,568K,TCUK-State,Big 12,"Oct. 14, 3:00 PM",FS1,2017
,,,,,,,,,,,,,,,,0.29,(431K),NorthwesternMaryland,Big Ten,"Oct. 14, 3:30 PM",ESPN2,2017
,,,,,,,,,,,,,,,,0.27,(421K),NevadaColorado St.,MWC,"Oct. 14, 10:45 PM",ESPN2,2017
,,,,,,,,,,,,,,,,n.a.,299K,BaylorOklahoma St.,Big 12,"Oct. 14, 5:50 PM",FS1,2017
,,,,,,,,,,,,,,,,n.a.,(295K),NavyMemphis,American,"Oct. 14, 3:45 PM",ESPNU,2017
,,,,,,,,,,,,,,,,n.a.,(173K),CincinnatiUSF,American,"Oct. 14, 7:30 PM",ESPNU,2017
,,,,,,,,,,,,,,,,n.a.,(153K),Texas St.UL-Lafayette,Sun Belt,"Oct. 12, 7:30 PM",ESPNU,2017
,,,,,,,,,,,,,,,,n.a.,n.a.,UABCharlotte,C-USA,"Oct. 14, 6:30 PM",beIN,2017
,,,,,,,,,,,,,,,,WEEK SIX,WEEK SIX,WEEK SIX,WEEK SIX,WEEK SIX,WEEK SIX,2017
,,,,,,,,,,,,,,,,3.7,6.508M(6.628M),Michigan StateMichigan,Big Ten,Oct. 7 7:30 PM,ABC,2017
,,,,,,,,,,,,,,,,2.7,(4.774M),AlabamaTexas A&M,SEC,"Oct. 7, 7:15 PM",ESPN,2017
,,,,,,,,,,,,,,,,2.5,4.128M,LSUFlorida,SEC,"Oct. 7, 3:30 PM",CBS,2017
,,,,,,,,,,,,,,,,1.9,2.831M(2.887M),Penn StateNorthwestern,Big Ten,"Oct. 7, Noon",ABC,2017
,,,,,,,,,,,,,,,,1.7,(2.726M),MiamiFSU,ACC,"Oct. 7, 3:30 PM",ESPN,2017
,,,,,,,,,,,,,,,,1.6,2.645M,MarylandOhio State,Big Ten,"Oct. 7, 4:00 PM",FOX,2017
,,,,,,,,,,,,,,,,1.6,2.505M,Notre DameUNC,Ind.ACC,"Oct. 7, 3:30 PM",ABC,2017
,,,,,,,,,,,,,,,,1.6,2.432M,Iowa StateOklahoma,Big 12,"Oct. 7, Noon",FOX,2017
,,,,,,,,,,,,,,,,1.3,(1.958M),GeorgiaVanderbilt,SEC,"Oct. 7, Noon",ESPN,2017
,,,,,,,,,,,,,,,,1.15,1.922M,Washington St.Oregon,Pac-12,"Oct. 7, 8:00 PM",FOX,2017
,,,,,,,,,,,,,,,,n.a.,(1.644M),College GamedayFrom WVU-TCU,College GamedayFrom WVU-TCU,"Oct. 7, 9 AM",ESPN,2017
,,,,,,,,,,,,,,,,1.0,(1.634M),CalWashington,Pac-12,"Oct. 7, 10:45 PM",ESPN,2017
,,,,,,,,,,,,,,,,1.0,(1.549M),LouisvilleN.C. State,ACC,"Oct. 5, 8:00 PM",ESPN,2017
,,,,,,,,,,,,,,,,0.7,1.266M,K-StateTexas,Big 12,"Oct. 7, 7:00 PM",FS1,2017
,,,,,,,,,,,,,,,,0.7,1.149M,W. VirginiaTCU,Big 12,"Oct. 7, 3:30 PM",FS1,2017
,,,,,,,,,,,,,,,,n.a.,(1.043M),Boise StateBYU,MWCInd.,"Oct. 6, 10:30 PM",ESPN,2017
,,,,,,,,,,,,,,,,0.6,(864K),Wake ForestClemson,ACC,"Oct. 7, Noon",ESPN2,2017
,,,,,,,,,,,,,,,,n.a.,(769K),MemphisUConn,American,"Oct. 6, 7 PM",ESPN,2017
,,,,,,,,,,,,,,,,0.39,631K,StanfordUtah,Pac-12,"Oct. 7, 11:00 PM",FS1,2017
,,,,,,,,,,,,,,,,0.39,(586K),MinnesotaPurdue,Big Ten,"Oct. 7, 3:30 PM",ESPN2,2017
,,,,,,,,,,,,,,,,0.27,(458K),Va. TechBoston Coll.,ACC,"Oct. 7, 7:15 PM",ESPN2,2017
,,,,,,,,,,,,,,,,n.a.,(421K),Arkansas St.Ga. Southern,Sun Belt,"Oct. 4, 8 PM",ESPN2,2017
,,,,,,,,,,,,,,,,0.25,351K,Texas TechKansas,Big 12,"Oct. 7, Noon",FS1,2017
,,,,,,,,,,,,,,,,0.21,(344K),SDSUUNLV,MWC,"Oct. 7, 10:45 PM",ESPN2,2017
,,,,,,,,,,,,,,,,n.a.,(131K),UCFCincinnati,American,"Oct. 7, 8 PM",ESPNU,2017
,,,,,,,,,,,,,,,,n.a.,(90K),W. MichiganBuffalo,MAC,"Oct. 7, 3:30 PM",ESPNU,2017
,,,,,,,,,,,,,,,,n.a.,(61K),TempleECU,American,"Oct. 7, Noon",ESPNU,2017
,,,,,,,,,,,,,,,,n.a.,10K,ArmyRice,Ind.C-USA,"Oct. 7, 6:30 PM",beIN,2017
,,,,,,,,,,,,,,,,WEEK FIVE,WEEK FIVE,WEEK FIVE,WEEK FIVE,WEEK FIVE,WEEK FIVE,2017
,,,,,,,,,,,,,,,,2.7,4.613M(4.693M),ClemsonVa. Tech,ACC,"Sept. 30, 8:00 PM",ABC,2017
,,,,,,,,,,,,,,,,2.4,3.950M,GeorgiaTennessee,SEC,"Sept. 30, 3:30 PM",CBS,2017
,,,,,,,,,,,,,,,,1.8,(3.028M),MississippiAlabama,SEC,"Sept. 30, 9:15 PM",ESPN,2017
,,,,,,,,,,,,,,,,1.9,2.894M(2.955M),FSUWake Forest,ACC,"Sept. 30, 3:30 PM",ABC,2017
,,,,,,,,,,,,,,,,1.9,2.844M(2.890M),NorthwesternWisconsin,Big Ten,"Sept. 30, Noon",ABC,2017
,,,,,,,,,,,,,,,,1.8,(2.815M),VanderbiltFlorida,SEC,"Sept. 30, Noon",ESPN,2017
,,,,,,,,,,,,,,,,1.8,(2.776M),USCWashington St.,Pac-12,"Sept. 29, 10:30 PM",ESPN,2017
,,,,,,,,,,,,,,,,1.6,2.685M,Oklahoma St.Texas Tech,Big 12,"Sept. 30, 8:00 PM",FOX,2017
,,,,,,,,,,,,,,,,1.5,2.520M,IowaMichigan St.,Big Ten,"Sept. 30, 4:30 PM",FOX,2017
,,,,,,,,,,,,,,,,1.4,(2.383M),Mississippi St.Auburn,SEC,"Sept. 30, 6:00 PM",ESPN,2017
,,,,,,,,,,,,,,,,1.1,(1.709M),MiamiDuke,ACC,"Sept. 29, 7:00 PM",ESPN,2017
,,,,,,,,,,,,,,,,1.0,(1.651M),TexasIowa State,Big 12,"Sept. 28, 8:00 PM",ESPN,2017
,,,,,,,,,,,,,,,,n.a.,(1.498M),College GamedayFrom Clemson-VT,College GamedayFrom Clemson-VT,"Sept. 30, 3:30 PM",ESPN,2017
,,,,,,,,,,,,,,,,0.55,1.071M,NebraskaIllinois,Big Ten,"Sept. 29, 8:00 PM",FS1,2017
,,,,,,,,,,,,,,,,0.6,(1.039M),ColoradoUCLA,Pac-12,"Sept. 30, 10:30 PM",ESPN2,2017
,,,,,,,,,,,,,,,,0.6,(988K),ESPN Goal Line,ESPN Goal Line,"Sept. 30, 3:30 PM",ESPN,2017
,,,,,,,,,,,,,,,,n.a.,(856K),TroyLSU,Sun BeltSEC,"Sept. 30, 7:00 PM",ESPNU,2017
,,,,,,,,,,,,,,,,0.49,798K,Miami (Oh.)Notre Dame,MACInd.,"Sept. 30, 5:00 PM",NBCSN,2017
,,,,,,,,,,,,,,,,0.43,(670K),BaylorK-State,Big 12,"Sept. 30, 3:30 PM",ESPN2,2017
,,,,,,,,,,,,,,,,0.35,649K,CalOregon,Pac-12,"Sept. 30, 10:30 PM",FS1,2017
,,,,,,,,,,,,,,,,0.39,(578K),UNCGa. Tech,ACC,"Sept. 30, Noon",ESPN2,2017
,,,,,,,,,,,,,,,,0.33,511K,MarylandMinnesota,Big Ten,"Sept. 30, Noon",FS1,2017
,,,,,,,,,,,,,,,,0.27,(442K),MemphisUCF,American,"Sept. 30, 7:00 PM",ESPN2,2017
,,,,,,,,,,,,,,,,n.a.,(251K),NavyTulsa,American,"Sept. 30, 3:30 PM",ESPNU,2017
,,,,,,,,,,,,,,,,n.a.,(209K),HoustonTemple,American,"Sept. 30, Noon",ESPNU,2017
,,,,,,,,,,,,,,,,n.a.,(106K),San Jose St.UNLV,MWC,"Sept. 30, 10:30 PM",ESPNU,2017
,,,,,,,,,,,,,,,,n.a.,4K,CharlotteFIU,American,"Sept. 30, 7:00 PM",beIN,2017
,,,,,,,,,,,,,,,,WEEK FOUR,WEEK FOUR,WEEK FOUR,WEEK FOUR,WEEK FOUR,WEEK FOUR,2017
,,,,,,,,,,,,,,,,3.1,5.259M(5.341M),Penn StateIowa,Big Ten,"Sept. 23, 7:30 PM",ABC,2017
,,,,,,,,,,,,,,,,2.5,3.749M(3.850M),NCSU-FSU orTTU-Houston,ACCB12/AAC,"Sept. 23, Noon",ABC,2017
,,,,,,,,,,,,,,,,2.2,3.521M,MichiganPurdue,Big Ten,"Sept. 23, 4:30 PM",FOX,2017
,,,,,,,,,,,,,,,,2.1,3.456M,Notre DameMichigan St.,Ind.Big Ten,"Sept. 23, 8:20 PM",FOX,2017
,,,,,,,,,,,,,,,,2.0,3.122M,USCCal,Pac-12,"Sept. 23, 4:00 PM",ABC,2017
,,,,,,,,,,,,,,,,1.9,2.993M,AlabamaVanderbilt,SEC,"Sept. 23, 3:30 PM",CBS,2017
,,,,,,,,,,,,,,,,1.55,2.798M(2.897M),Miss. St.Georgia,SEC,"Sept. 23, 7:00 PM",ESPN,2017
,,,,,,,,,,,,,,,,1.6,2.611M(2.708M),Texas A&MArkansas,SEC,"Sept. 23, Noon",ESPN,2017
,,,,,,,,,,,,,,,,1.5,2.479M(2.574M),TCUOklahoma St.,Big 12,"Sept. 23, 3:30 PM",ESPN,2017
,,,,,,,,,,,,,,,,1.0,1.665M(1.677M),UCLAStanford,Pac-12,"Sept. 23, 10:30 PM",ESPN,2017
,,,,,,,,,,,,,,,,n.a.,1.645M,College GamedayFrom Times Square,College GamedayFrom Times Square,"Sept. 23, 9:00 AM",ESPN,2017
,,,,,,,,,,,,,,,,0.8,1.288M(1.324M),VirginiaBoise St.,ACCMWC,"Sept. 22, 8:00 PM",ESPN2,2017
,,,,,,,,,,,,,,,,0.7,1.254M,OklahomaBaylor,Big 12,"Sept. 23, 6:30 PM",FS1,2017
,,,,,,,,,,,,,,,,0.65,1.060M,SyracuseLSU,ACCSEC,"Sept. 23, 7:00 PM",ESPN2,2017
,,,,,,,,,,,,,,,,0.6,1.049M,WashingtonColorado,Pac-12,"Sept. 23, 10:30 PM",FS1,2017
,,,,,,,,,,,,,,,,0.65,992K,TempleUSF,American,"Sept. 21, 7:30 PM",ESPN,2017
,,,,,,,,,,,,,,,,0.5,816K,Bos. CollegeClemson,ACC,"Sept. 23, 4:00 PM",ESPN2,2017
,,,,,,,,,,,,,,,,0.35,581K,UtahArizona,Pac-12,"Sept. 22, 10:30 PM",FS1,2017
,,,,,,,,,,,,,,,,n.a.,503K,AuburnMissouri,SEC,"Sept. 23, 7:30 PM",ESPNU,2017
,,,,,,,,,,,,,,,,n.a.,493K,W. VirginiaKansas,Big 12,"Sept. 23, Noon",ESPNU,2017
,,,,,,,,,,,,,,,,0.30,455K,HawaiiWyoming,MWC,"Sept. 23, 10:40 PM",ESPN2,2017
,,,,,,,,,,,,,,,,n.a.,436K,DukeUNC,ACC,"Sept. 23, 3:45 PM",ESPNU,2017
,,,,,,,,,,,,,,,,0.26,371K,ABC reverse mirror,ABC reverse mirror,"Sept. 23, 4:30 PM",ESPN2,2017
,,,,,,,,,,,,,,,,n.a.,247K,UCFMaryland,AmericanBig Ten,"Sept. 23, 3:00 PM",FS1,2017
,,,,,,,,,,,,,,,,n.a.,84K,ECUUConn,American,"Sept. 24, Noon",ESPNU,2017
,,,,,,,,,,,,,,,,n.a.,5K,UABN. Texas,C-USA,"Sept. 23, 6:30 PM",beIN,2017
,,,,,,,,,,,,,,,,WEEK THREE,WEEK THREE,WEEK THREE,WEEK THREE,WEEK THREE,WEEK THREE,2017
,,,,,,,,,,,,,,,,3.2,5.133M,TennesseeFlorida,SEC,"Sept. 16, 3:30 PM",CBS,2017
,,,,,,,,,,,,,,,,3.0,5.064M(5.206M),ClemsonLouisville,ACC,"Sept. 16, 8:00 PM",ABC,2017
,,,,,,,,,,,,,,,,2.9,4.912M(4.953M),TexasUSC,Big 12Pac-12,"Sept. 16, 8:40 PM",FOX,2017
,,,,,,,,,,,,,,,,2.2,3.238M,UCLAMemphis,Pac-12American,"Sept. 16, Noon",ABC,2017
,,,,,,,,,,,,,,,,1.5,2.506M,ArmyOhio State,Ind.Big Ten,"Sept. 16, 4:40 PM",FOX,2017
,,,,,,,,,,,,,,,,1.5,2.498M(2.581M),LSUMiss. St.,SEC,"Sept. 16, 7:00 PM",ESPN,2017
,,,,,,,,,,,,,,,,1.5,2.274M,WisconsinBYU,Big TenInd.,"Sept. 16, 4:00 PM",ABC,2017
,,,,,,,,,,,,,,,,1.1,1.779M(1.845M),Notre DameBoston College,Ind.ACC,"Sept. 16, 3:30 PM",ESPN,2017
,,,,,,,,,,,,,,,,n.a.,1.727M,College GamedayFrom Clemson-Louisville,College GamedayFrom Clemson-Louisville,"Sept. 16, 9:00 AM",ESPN,2017
,,,,,,,,,,,,,,,,1.0,1.613M(1.653M),Colorado St.Alabama,MWCSEC,"Sept. 16, 7:00 PM",ESPN2,2017
,,,,,,,,,,,,,,,,1.0,1.566M(1.621M),Oklahoma St.Pittsburgh,Big 12ACC,"Sept. 16, Noon",ESPN,2017
,,,,,,,,,,,,,,,,0.9,1.369M,IllinoisUSF,Big TenAmerican,"Sept. 15, 7:00 PM",ESPN,2017
,,,,,,,,,,,,,,,,0.8,1.195M,MississippiCal,SECPac-12,"Sept. 16, 10:30 PM",ESPN,2017
,,,,,,,,,,,,,,,,0.7,1.053M,Boise StateNew Mexico,MWC,"Sept. 14, 8:00 PM",ESPN,2017
,,,,,,,,,,,,,,,,n.a.,829K,ArizonaUTEP,Pac-12C-USA,"Sept. 16, 7:30 PM",ESPN,2017
,,,,,,,,,,,,,,,,0.49,808K,N. IllinoisNebraska,MACBig Ten,"Sept. 16, Noon",FS1,2017
,,,,,,,,,,,,,,,,0.39,669K,No. TexasIowa,C-USABig Ten,"Sept. 16, 3:30 PM",ESPN2,2017
,,,,,,,,,,,,,,,,n.a.,415K,K-StateVanderbilt,Big 12SEC,"Sept. 16, 7:30 PM",ESPNU,2017
,,,,,,,,,,,,,,,,n.a.,372K,SMUTCU,AmericanBig-12,"Sept. 16, 3:30 PM",ESPNU,2017
,,,,,,,,,,,,,,,,n.a.,294K,SJSUUtah,MWCPac-12,"Sept. 16, 10:15 PM",ESPN2,2017
,,,,,,,,,,,,,,,,n.a.,286K,UConnVirginia,AmericanACC,"Sept. 16, Noon",ESPN2,2017
,,,,,,,,,,,,,,,,n.a.,215K,UMassTemple,MACAmerican,"Sept. 15, 7:00 PM",ESPNU,2017
,,,,,,,,,,,,,,,,n.a.,195K,KansasOhio,Big 12MAC,"Sept. 16, Noon",ESPNU,2017
,,,,,,,,,,,,,,,,n.a.,4K,Beth-CookmanFAU,FCSC-USA,"Sept. 16, 6:30 PM",beIN,2017
,,,,,,,,,,,,,,,,WEEK TWO,WEEK TWO,WEEK TWO,WEEK TWO,WEEK TWO,WEEK TWO,2017
,,,,,,,,,,,,,,,,4.6,8.081M(8.255M),OklahomaOhio State,Big 12Big Ten,"Sept. 9, 7:30 PM",ABC,2017
,,,,,,,,,,,,,,,,2.4,4.088M,GeorgiaNotre Dame,SECIND,"Sept. 9, 7:30 PM",NBC,2017
,,,,,,,,,,,,,,,,2.4,3.701M(3.742M),PittsburghPenn State,ACCBig Ten,"Sept. 9, 3:30 PM",ABC,2017
,,,,,,,,,,,,,,,,2.4,3.611M(3.693M),CincinnatiMichigan,AmericanBig Ten,"Sept. 9, Noon",ABC,2017
,,,,,,,,,,,,,,,,1.8,3.361M(3.504M),AuburnClemson,SECACC,"Sept. 9, 7:00 PM",ESPN,2017
,,,,,,,,,,,,,,,,1.5,2.587M,NebraskaOregon,Big TenPac-12,"Sept. 9, 4:30 PM",FOX,2017
,,,,,,,,,,,,,,,,1.5,2.345M,TCUArkansas,Big 12SEC,"Sept. 9, 3:30 PM",CBS,2017
,,,,,,,,,,,,,,,,1.5,2.263M,LouisvilleUNC,ACC,"Sept. 9, Noon",ESPN,2017
,,,,,,,,,,,,,,,,1.2,2.070M,Fresno St.Alabama,MWCSEC,"Sept. 9, 3:30 PM",ESPN2,2017
,,,,,,,,,,,,,,,,1.2,2.069M,StanfordUSC,Pac-12,"Sept. 9, 8:30 PM",FOX,2017
,,,,,,,,,,,,,,,,n.a.,1.584M,College GamedayFrom Oklahoma-OSU,College GamedayFrom Oklahoma-OSU,"Sept. 9, 9:00 AM",ESPN,2017
,,,,,,,,,,,,,,,,0.8,1.406M,IowaIowa State,Big TenBig 12,"Sept. 9, Noon",ESPN2,2017
,,,,,,,,,,,,,,,,0.75,1.265M,Boise StateWashington St.,MWCPac-12,"Sept. 9, 10:30 PM",ESPN,2017
,,,,,,,,,,,,,,,,0.6,966K,Oklahoma St.So. Alabama,Big 12Sun Belt,"Sept. 8, 8:00 PM",ESPN2,2017
,,,,,,,,,,,,,,,,0.45,802K,S. CarolinaMissouri,SEC,"Sept. 9, 7:00 PM",ESPN2,2017
,,,,,,,,,,,,,,,,0.37,668K,UtahBYU,Pac-12Ind.,"Sept. 9, 10:20 PM",ESPN2,2017
,,,,,,,,,,,,,,,,0.24,410K,MinnesotaOregon St.,Big TenPac-12,"Sept. 9, 10:00 PM",FS1,2017
,,,,,,,,,,,,,,,,n.a.,403K,OhioPurdue,MACBig Ten,"Sept. 8, 8:00 PM",FS1,2017
,,,,,,,,,,,,,,,,n.a.,358K,IndianaVirginia,Big TenACC,"Sept. 9, 3:30 PM",ESPNU,2017
,,,,,,,,,,,,,,,,n.a.,353K,Nicholls St.Texas A&M,FCSSEC,"Sept. 9, 7:00 PM",ESPNU,2017
,,,,,,,,,,,,,,,,n.a.,242K,HoustonArizona,AmericanPac-12,"Sept. 9, 10:30 PM",ESPNU,2017
,,,,,,,,,,,,,,,,n.a.,239K,ECUW. Virginia,AmericanBig 12,"Sept. 9, Noon",FS2,2017
,,,,,,,,,,,,,,,,n.a.,161K,NorthwesternDuke,Big TenACC,"Sept. 9, Noon",ESPNU,2017
,,,,,,,,,,,,,,,,n.a.,120K,Sam Hou. St.Pr. View A&M,FCS,"Sept. 7, 7:30 PM",ESPNU,2017
,,,,,,,,,,,,,,,,WEEK ONE,WEEK ONE,WEEK ONE,WEEK ONE,WEEK ONE,WEEK ONE,2017
,,,,,,,,,,,,,,,,6.9,12.335M(12.557M),AlabamaFSU,SECACC,"Sept. 2, 8:00 PM",ABC,2017
,,,,,,,,,,,,,,,,4.9,7.650M(7.805M),MichiganFlorida,Big TenSEC,"Sept. 2, 3:30 PM",ABC,2017
,,,,,,,,,,,,,,,,2.9,5.134M(5.268M),TennesseeGa. Tech,SECACC,"Sept. 4, 8:00 PM",ESPN,2017
,,,,,,,,,,,,,,,,3.0,5.126M(5.428M),Ohio StateIndiana,Big Ten,"Aug. 31, 8:00 PM",ESPN,2017
,,,,,,,,,,,,,,,,2.7,4.645M(4.737M),W. VirginiaVirginia Tech,Big 12ACC,"Sept. 3, 7:30 PM",ABC,2017
,,,,,,,,,,,,,,,,1.9,3.190M,Texas A&MUCLA,SECPac-12,"Sept. 3, 7:30 PM",FOX,2017
,,,,,,,,,,,,,,,,1.5,2.332M,AkronPenn State,MACBig Ten,"Sept. 2, Noon",ABC,2017
,,,,,,,,,,,,,,,,1.2,2.046M(2.081M),MarylandTexas,Big TenBig 12,"Sept. 2, Noon",FS1,2017
,,,,,,,,,,,,,,,,n.a.,2.045M,College GamedayFrom Alabama-FSU,College GamedayFrom Alabama-FSU,"Sept. 2, 9:00 AM",ESPN,2017
,,,,,,,,,,,,,,,,1.1,1.792M,PurdueLouisville,Big TenACC,"Sept. 2, 7:30 PM",FOX,2017
,,,,,,,,,,,,,,,,1.0,1.763M,BYULSU,Ind.SEC,"Sept. 2, 9:30 PM",ESPN,2017
,,,,,,,,,,,,,,,,1.1,1.760M,Utah St.Wisconsin,MWCBig Ten,"Sept. 1, 9:00 PM",ESPN,2017
,,,,,,,,,,,,,,,,0.9,1.718M,App. StateGeorgia,Sun BeltSEC,"Sept. 2, 6:53 PM",ESPN,2017
,,,,,,,,,,,,,,,,1.0,1.629M,Kent StateClemson,MACACC,"Sept. 2, Noon",ESPN,2017
,,,,,,,,,,,,,,,,1.0,1.580M,TempleNotre Dame,AmericanInd.,"Sept. 2, 3:30 PM",NBC,2017
,,,,,,,,,,,,,,,,0.9,1.558M,N.C. StateSo. Carolina,ACCSEC,"Sept. 2, 3:00 PM",ESPN,2017
,,,,,,,,,,,,,,,,0.7,1.111M,UTEPOklahoma,C-USABig 12,"Sept. 2, 3:30 PM",FOX,2017
,,,,,,,,,,,,,,,,0.6,971K,WashingtonRutgers,Pac-12Big Ten,"Sept. 1, 8:00 PM",FS1,2017
,,,,,,,,,,,,,,,,n.a.,537K,Bowling GreenMichigan St.,MACBig Ten,"Sept. 2, Noon",ESPNU,2017
,,,,,,,,,,,,,,,,n.a.,444K,NavyFla. Atlantic,AmericanC-USA,"Sept. 1, 8:00 PM",ESPNU,2017
,,,,,,,,,,,,,,,,0.24,436K,Montana St.Washington St.,FCSPac-12,"Sept. 2, 11:30 PM",FS1,2017
,,,,,,,,,,,,,,,,0.30,428K,S.C. StateSouthern,FCS,"Sept. 3, 2:30 PM",ESPN2,2017
,,,,,,,,,,,,,,,,n.a.,382K,TulsaOklahoma St.,Big 12,"Aug. 31, 7:30 PM",FS1,2017
,,,,,,,,,,,,,,,,n.a.,194K,TroyBoise St.,Sun BeltMWC,"Sept. 2, 3:30 PM",ESPNU,2017
,,,,,,,,,,,,,,,,n.a.,161K,So. AlabamaMississippi,Sun BeltSEC,"Sept. 2, 7:30 PM",ESPNU,2017
,,,,,,,,,,,,,,,,n.a.,137K,LibertyBaylor,FCSBig 12,"Sept. 2, 7:00 PM",FS2,2017
,,,,,,,,,,,,,,,,WEEK ZERO,WEEK ZERO,WEEK ZERO,WEEK ZERO,WEEK ZERO,WEEK ZERO,2017
,,,,,,,,,,,,,,,,0.6,939K,Portland StateBYU,FCSIND,"Aug. 26, 3:00 PM",ESPN,2017
,,,,,,,,,,,,,,,,0.44,725K,ChattanoogaJacksonville St.,FCS,"Aug. 26, 6:30 PM",ESPN,2017
,,,,,,,,,,,,,,,,0.41,653K,StanfordRice,Pac-12C-USA,"Aug. 26, 10:00 PM",ESPN,2017
,,,,,,,,,,,,,,,,n.a.,228K,Texas SouthernFAMU,FCS,"Aug. 26, 12:00 PM",ESPNU,2017
,,,,,,,,,,,,,,,,n.a.,190K,ColgateCal Poly,FCS,"Aug. 26, 7:00 PM",ESPNU,2017
