Date_Time,Game,Network,Rating,Plus_minus,Viewership,Plus_minus_two,Year
Date/time,Game,Net,Rtg.,+/-,Vwrs.,+/-,2020
"1/1, 8:00p",Sugar: OSU-CLEM*,ESPN Mega,9.8,-12%,19.15M,-9%,2020
"1/1, 4:00p",Rose: ND-ALA*,ESPN Mega,9.6,+1%,18.89M,+10%,2020
"1/11, 8:00p",CFPNC: ALA-OSU,ESPN Mega,still to come,still to come,18.65M,-27%,2020
"1/1, Noon",Peach: UGA-CIN**,ESPN Mega,4.9,-2%,8.73M,+4%,2020
"1/2, 8:00p",Orange: T A&M-UNC,ESPN,4.3,+23%,7.58M,+25%,2020
"1/2, 4:00p",Fiesta: IA ST-ORE**,ESPN,3.8,-19%,6.68M,-21%,2020
"12/30, 8:00p",Cotton: OKLA-UF,ESPN,3.2,-16%,5.77M,-7%,2020
"1/1, 1:00p",Citrus: AUB-NWSTN,ABC,2.8,-65%,4.78M,-66%,2020
"1/2, 12:30p",Outback: MISS-IND,ABC,2.5,+4%,4.11M,+3%,2020
"12/31, 4:00p",Liberty: ARMY-WVU,ESPN,2.2,+5%,3.74M,+12%,2020
"12/29, 5:30p",Orlando: OK ST-MIA,ESPN,1.8,-32%,3.20M,-23%,2020
"12/29, 9:00p",Alamo: COL-TEX,ESPN,1.7,-45%,2.98M,-47%,2020
"1/2, Noon",Gator: UK-NC ST,ESPN,1.7,-35%,2.71M,-37%,2020
"12/26, 7:30p",Cure: LBTY-CCU,ESPN,1.4,—,2.62M,—,2020
"12/31, Noon",Armed Forces: MSST-TULSA,ESPN,1.4,+17%,2.25M,+29%,2020
"12/25, 2:30p",Camellia: MARSH-BUF,ESPN,1.1,+156%,2.11M,+205%,2020
"12/26, 3:30p",1st Responder: UTSA-LA,ABC,1.2,+33%,2.08M,+61%,2020
"12/30, Noon",Charlotte: WAKE-WISC,ESPN,1.2,-29%,1.98M,-25%,2020
"12/24, 3:30p",New Mexico: HAW-HOU,ESPN,1.1,+124%,1.90M,+137%,2020
"12/31, 2:00p",Arizona: BALL-SJSU,CBS,1.1,—,1.77M,—,2020
"12/22, 7:00p",Boca Raton: UCF-BYU,ESPN,0.9,-31%,1.55M,-22%,2020
"12/23, 7:00p",Montgomery: MEM-FAU,ESPN,0.7,—,1.27M,—,2020
"12/23, 3:00p",New Orleans: LT-GA SO,ESPN,0.6,-7%,923K,-4%,2020
"12/26, 3:30p",Mobile: WKU-GA ST,ESPN,0.6,-38%,923K,-36%,2020
"12/22, 3:30p",Idaho Potato: TULANE-NEV,ESPN,0.6,-36%,914K,-33%,2020
"12/21, 2:30p",Myrtle Beach: N TEX-APP ST,ESPN,0.40,—,637K,—,2020
Date/time,Game,Net,Rtg.,+/-,Vwrs.,+/-,2020
"12/19, 4:00p",CLEM-ND,ABC,5.5,+129%,9.92M,+150%,2020
"12/19, 8:00p",ALA-UF,CBS,4.9,-38%,8.92M,-35%,2020
"12/19, Noon",OSU-NWSTN,FOX,4.65,-39%,8.03M,-41%,2020
"12/18, 3.85M",ORE-USC,FOX,2.25,-36%,3.85M,-34%,2020
"12/19, Noon",OKLA-IA ST,ABC,1.8,-67%,2.99M,-66%,2020
"12/19, 8:00p",CIN-TULSA,ABC,1.15,-39%,1.88M,-35%,2020
"12/19, Noon",T A&M-TENN,ESPN,1.0,+108%,1.66M,+129%,2020
"12/19, 4:30p",SJSU-BOISE ST,FOX,0.9,+143%,1.42M,+158%,2020
"12/18, 7:00p",BALL-BUFF,ESPN,0.49,+104%,875K,+144%,2020
"12/19, 5:30p",ILL-PSU,FS1,0.37,—,739K,—,2020
"12/18, 7:30p",NEB-RUTG,BTN,not available,not available,610K,—,2020
"12/19, 7:00p",STAN-UCLA,ESPN,0.34,—,596K,—,2020
"12/19, 11:00p",ASU-OSU,ESPN,0.33,—,543K,—,2020
"12/19, 1:30p",WASH ST-UTA,FS1,0.17,—,302K,—,2020
Date/time,Game,Net,Rtg.,Vwrs.,,,2020
"12/12, 3:00p",Army-Navy,CBS,n.a.,4.91M,,,2020
"12/12, 7:00p",LSU-UF,ESPN,n.a.,4.62M,,,2020
"12/12, 3:30p",UNC-MIA,ABC,n.a.,3.33M,,,2020
"12/12, 7:30p",USC-UCLA,ABC,n.a.,3.24M,,,2020
"12/12, Noon",ALA-ARK,ESPN,n.a.,2.59M,,,2020
"12/12, Noon",MSU-PSU,ABC,n.a.,2.54M,,,2020
"12/12, 3:30p",WISC-IOWA,FS1,n.a.,1.80M,,,2020
"12/12, Noon",UTA-COL,FOX,n.a.,1.70M,,,2020
"12/12, Noon",MINN-NEB,FS1,n.a.,1.05M,,,2020
"12/12, 3:30p",OK ST-BYLR,ESPN,n.a.,1.03M,,,2020
"12/11, 7:00p",ASU-ARIZ,ESPN,n.a.,1.02M,,,2020
"12/12, Noon",ILL-NWSTN,ESPN2,n.a.,617K,,,2020
"12/12, 10:00p",SDSU-BYU,ESPN2,n.a.,606K,,,2020
"12/12, 10:30p",STAN-ORE ST,ESPNU,n.a.,332K,,,2020
"12/12, 7:00p",LA TECH-TCU,FS1,n.a.,290K,,,2020
"12/12, 3:30p",HOU-MEM,ESPN2,n.a.,239K,,,2020
"12/12, 10:30p",FRES ST-NM,FS1,n.a.,194K,,,2020
"12/12, Noon",RUTG-MD,BTN,not available,not available,,,2020
Date/time,Game,Net,Rtg.,Vwrs.,,,2020
"12/5, 8:00p",ALA-LSU,CBS,2.3,4.22M,,,2020
"12/5, 12:00p",OSU-MSU,ABC,2.5,4.11M,,,2020
"12/5, 3:30p",IU-WISC,ABC,2.3,3.82M,,,2020
"12/5, 3:30p",UF-TEN,CBS,2.0,3.42M,,,2020
"12/5, 7:30p",CLEM-VT,ABC,1.9,3.38M,,,2020
"12/5, 2:30p",SYR-ND,NBC,1.7,2.84M,,,2020
"12/5, 12:00p",T A&M-AUB,ESPN,1.7,2.80M,,,2020
"12/5, 8:00p",BYLR-OKLA,FOX,1.1,1.83M,,,2020
"12/5, 12:00p",TEX-K ST,FOX,0.9,1.45M,,,2020
"12/5, 4:00p",STAN-WASH,FOX,0.8,1.30M,,,2020
"12/5, 3:30p",WVU-IA ST,ESPN,0.7,1.22M,,,2020
"12/5, 5:30p",BYU-C CAR,ESPNU,n.a.,1.21M,,,2020
"12/4, 8:30p",LOU-APP ST,ESPN,0.6,1.01M,,,2020
"12/5, 7:00p",ORE-CAL,ESPN,0.6,1.01M,,,2020
"12/5, 3:30p",IOWA-ILL,FS1,0.5,781K,,,2020
"12/5, 10:30p",ORE ST-UTAH,ESPN,0.4,702K,,,2020
"12/5, 12:00p",OK ST-TCU,ESPN2,0.4,642K,,,2020
"12/5, 12:00p",NEB-PUR,BTN,n.a.,633K,,,2020
"12/5, 12:00p",PSU-RUTG,FS1,0.4,594K,,,2020
"12/5, 10:30p",UCLA-ASU,FS1,0.3,428K,,,2020
"12/5, 3:30p",TULS-NAV,ESPN2,0.2,424K,,,2020
"12/6, 7:30p",WASH ST-USC,FS1,0.2,405K,,,2020
"12/5, 7:00p",COL-ARIZ,FS1,0.2,364K,,,2020
"12/5, 12:00p",KU-TTU,FS2,not available,not available,,,2020
"12/5, 9:00p",FRES ST-NEV,FS2,not available,not available,,,2020
Date/time,Game,Net,Rtg.,+/-,Vwrs.,+/-,2020
"11/28, 3:30p",AUB-ALA,CBS,3.6,-43%,6.66M,-42%,2020
"11/27, 3:30p",ND-UNC,ABC,3.5,+133%,6.08M,+142%,2020
"11/28, 7:00p",LSU-T A&M,ESPN,2.2,+38%,4.15M,+41%,2020
"11/28, Noon",PSU-MICH,ABC,2.4,+71%,4.09M,+74%,2020
"11/27, Noon",IA ST-TEX,ABC,2.1,+24%,3.57M,+26%,2020
"11/28, 3:30p",PITT-CLEM,ABC,1.7,-41%,3.00M,-40%,2020
"11/27, 7:30p",ORE-ORE ST,ESPN,1.45,+36%,2.80M,+59%,2020
"11/27, 1:00p",NEB-IOWA,FOX,1.5,-17%,2.69M,-7%,2020
"11/28, 3:30p",NWSTN-MSU,ESPN,1.4,+289%,2.55M,+339%,2020
"11/28, Noon",UK-UF,ESPN,1.4,+40%,2.51M,+42%,2020
"11/28, Noon",TTU-OK ST^,FOX,1.3,-82%,2.12M,-83%,2020
"11/28, 7:30p",UTA-WASH,ABC,1.2,-14%,2.02M,-17%,2020
"11/27, 4:30p",STAN-CAL,FOX,1.0,-41%,1.75M,-38%,2020
"11/28, 8:00p",ARIZ-UCLA,FOX,0.8,-75%,1.39M,-76%,2020
"11/28, Noon",MD-IND,ESPN2,0.53,+66%,952K,+56%,2020
"11/26, 7:00p",NM-UT ST,FS1,0.31,—,708K,—,2020
"11/27, 3:30p",UCF-USF,ESPN,0.29,-59%,529K,-56%,2020
"11/28, 7:00p",K ST-BYLR,ESPN2,0.29,+16%,494K,+20%,2020
"11/28, 4:00p",RUTG-PUR,FS1,0.24,+9%,464K,+10%,2020
"11/28, 8:00p",TCU-KU,FS1,0.12,-65%,217K,-66%,2020
"11/28, 3:30p",TROY-APP ST,ESPN2,n.a.,n.a.,173K,-62%,2020
"11/27, 4:00p",WYO-UNLV,FS1,not available,not available,not available,not available,2020
"11/28, Noon",BGSU-OHIO,ESPNU,not available,not available,not available,not available,2020
Date/time,Game,Net,Rtg.,+/-,Vwrs.,+/-,2020
"11/21, Noon",IND-OSU,FOX,3.7,+48%,6.36M,+61%,2020
"11/21, 3:30p",WISC-NWSTN,ABC,2.35,+96%,4.25M,+122%,2020
"11/21, 7:30p",OKLA ST-OKLA,ABC,2.3,-41%,4.10M,-40%,2020
"11/21, 7:00p",TENN-AUB,ESPN,1.15,-22%,2.05M,-22%,2020
"11/21, 7:00p",TENN-AUB,ESPNU,n.a.,n.a.,327K,—,2020
"11/21, Noon",UF-VANDY,ABC,1.2,-37%,2.02M,-31%,2020
"11/21, 4:00p",K ST-IA ST,FOX,1.15,-55%,1.98M,-55%,2020
"11/21, 3:30p",CIN-UCF,ESPN,0.9,+41%,1.58M,+61%,2020
"11/21, 10:30p",USC-UTA,ESPN,0.8,-20%,1.33M,-18%,2020
"11/21, 8:00p",ARIZ-WASH,FOX,0.7,-30%,1.14M,-25%,2020
"11/21, 3:30p",UCLA-ORE,ESPN2,0.6,n.a.,1.08M,+269%,2020
"11/20, 7:00p",SYR-LOU,ESPN,0.6,+82%,1.03M,+95%,2020
"11/21, Noon",ILL-NEB,FS1,0.52,+136%,974K,+192%,2020
"11/17, 7:00p",AKRON-KENT*,ESPN,0.6,+195%,957K,+183%,2020
"11/21, 3:30p",SDSU-NEV^,CBS,0.6,-86%,859K,-87%,2020
"11/21, Noon",APP ST-C CAR,ESPN,0.53,-65%,848K,-66%,2020
"11/19, 7:30p",TULANE-TULSA,ESPN,0.33,-35%,532K,-33%,2020
"11/18, 7:00p",WMU-CMU,ESPN2,0.31,+29%,482K,+39%,2020
"11/20, 9:30p",NM-AF,FS1,0.17,—,271K,—,2020
"11/21, Noon",ARK ST-TEX ST,ESPN2,n.a.,n.a.,172K,-69%,2020
"11/18, 7:00p",NIU-BALL,ENWS,not available,not available,not available,not available,2020
Date/time,Game,Net,Rtg.,+/-,Vwrs.,+/-,2020
"11/14, 3:30p",ND-BC,ABC,3.0,+173%,5.14M,+216%,2020
"11/14, 7:30p",WISC-MICH,ABC,2.6,+63%,4.69M,+73%,2020
"11/14, 7:00p",ORE-WASH ST,FOX,1.5,-21%,2.73M,-14%,2020
"11/14, 7:00p",ARK-UF,ESPN,1.3,+8%,2.44M,+13%,2020
"11/14, Noon",IND-MSU,ABC,1.6,-63%,2.44M,-64%,2020
"11/14, 3:30p",USC-ARIZ,FOX,1.3,-7%,2.21M,-5%,2020
"11/14, Noon",MIA-VT,ESPN,1.0,+39%,1.96M,+60%,2020
"11/14, Noon",PSU-NEB,FS1,0.9,+100%,1.72M,+136%,2020
"11/13, 7:00p",IOWA-MINN*,FS1,0.7,+75%,1.42M,+119%,2020
"11/14, Noon",TCU-WVU,FOX,0.85,-50%,1.37M,-47%,2020
"11/14, 3:30p",COL-STAN,ESPN,0.49,-18%,826K,-21%,2020
"11/14, 11:00p",ORE ST-WASH,FS1,0.43,—,754K,—,2020
"11/11, 8:00p",TOLEDO-WMU^,ESPN,0.44,+76%,722K,+101%,2020
"11/13, 7:30p",CIN-ECU,ESPN2,0.42,-21%,720K,-9%,2020
"11/10, 8:00p",MIA OH-BUFF,ESPN,0.43,—,642K,—,2020
"11/14, 4:00p",BYLR-TTU,FS1,0.34,+3%,585K,+3%,2020
"11/12, 8:00p",CSU-BOISE ST,FS1,0.15,—,292K,—,2020
"11/14, 7:00p",SMU-TULSA,ESPN2,0.14,-66%,283K,-62%,2020
"11/15, Noon",CAL-UCLA,FS1,0.14,—,234K,—,2020
"11/14, Noon",ARMY-TULANE,ESPN2,0.14,-48%,218K,-49%,2020
"11/10, 7:30p",KENT-BGSU,ESPN2,n.a.,—,192K,-9%,2020
"11/14, 10:30p",UNLV-SJSU,FS2,n.a.,—,145K,—,2020
"11/11, 8:00p",CMU-NIU,ESPNU,not available,not available,not available,not available,2020
"11/14, Noon",WCU-LIB,ESPNU,not available,not available,not available,not available,2020
"11/14, 2:30p",FRES ST-UT ST,FS2,not available,not available,not available,not available,2020
"11/14, 3:30p",USF-HOU,ESPN2,not available,not available,not available,not available,2020
"11/14, 6:30p",NEV-NM,FS2,not available,not available,not available,not available,2020
"11/14, 7:30p",TEM-UCF,ESPNU,not available,not available,not available,not available,2020
Date/time,Game,Net,Rtg.,+/-,Vwrs.,+/-,2020
"11/7, 7:30p",CLEM-ND^,NBC,5.4,+184%,10.07M,+241%,2020
"11/7, 3:30p",UF-UGA,CBS,3.5,-17%,6.34M,-9%,2020
"11/7, Noon",WVU-TEX,ABC,1.6,-24%,2.75M,-11%,2020
"11/7, Noon",ASU-USC,FOX,1.3,-28%,2.33M,-14%,2020
"11/7, 4:00p",OK ST-K ST,FOX,1.0,-23%,1.92M,-2%,2020
"11/6, 7:30p",MIA-NC ST*,ESPN,1.05,+119%,1.87M,+151%,2020
"11/7, Noon",MICH-IND,FS1,1.0,—,1.75M,—,2020
"11/7, 7:30p",STAN-ORE,ABC,0.9,-50%,1.66M,-44%,2020
"11/7, 3:30p",HOU-CIN,ABC,0.85,-33%,1.39M,-31%,2020
"11/7, Noon",MSU-IOWA,ESPN,0.6,flat,1.07M,+20%,2020
"11/7, 7:00p",T A&M-SC,ESPN,0.47,-61%,876K,-60%,2020
"11/4, 7:00p",OHIO-CMU,ESPN,0.42,—,711K,—,2020
"11/7, 3:30p",KU-OKLA,ESPN,0.41,-20%,681K,-15%,2020
"11/6, 9:45p",BYU-BOISE ST,FS1,0.37,—,680K,—,2020
"11/7, 10:30p",WSH ST-ORE ST,FS1,0.30,—,594K,—,2020
"11/7, 3:30p",TTU-TCU,FS1,0.30,—,559K,+89%,2020
"11/7, 7:00p",BYLR-IA ST,FS1,0.28,+12%,487K,+29%,2020
"11/7, Noon",UNC-DUKE,ESPN2,0.22,-55%,390K,-47%,2020
"11/7, 7:00p",UCLA-COL,ESPN2,0.18,—,312K,—,2020
"11/5, 7:00p",UT ST-NEV,FS1,0.14,—,257K,—,2020
"11/5, 7:00p",BUF-NIU,ESPN2,n.a.,—,199K,—,2020
"11/4, 8:00p",BGSU-TOLEDO,ESPNU,not available,not available,not available,not available,2020
"11/7, Noon",ARK ST-LA,ESPNU,not available,not available,not available,not available,2020
"11/7, 8:00p",SO ALA-C CAR,ESPNU,not available,not available,not available,not available,2020
Date/time,Game,Net,Rtg.,+/-,Vwrs.,+/-,2020
"10/31, 7:30p",OSU-PSU,ABC,3.45,-9%,6.53M,-3%,2020
"10/31, Noon",BC-CLEM,ABC,2.7,flat,4.38M,+4%,2020
"10/31, Noon",MSU-MICH,FOX,2.4,-43%,4.22M,-37%,2020
"10/31, 4:00p",TEX-OK ST,FOX,2.3,+44%,4.04M,+56%,2020
"10/31, 3:30p",ND-GT,ABC,2.2,-4%,3.77M,-4%,2020
"10/31, 3:30p",LSU-AUB,CBS,2.1,-51%,3.45M,-52%,2020
"10/31, 8:00p",OU-TTU,FOX,1.2,—,2.12M,—,2020
"10/31, 7:00p",MISS ST-ALA,ESPN,1.1,-8%,2.00M,-6%,2020
"10/30, 7:30p",MINN-MD,ESPN,1.2,—,1.91M,—,2020
"10/31, 3:30p",NWSTN-IOWA,ESPN,0.7,+59%,1.15M,+73%,2020
"10/31, 10:15p",WKU-BYU,ESPN,0.48,-56%,788K,-58%,2020
"10/31, Noon",MEM-CIN,ESPN,0.44,-37%,679K,-37%,2020
"10/31, Noon",K ST-WVU,ESPN2,0.39,+5%,669K,+15%,2020
"10/31, 3:30p",IND-RUTG,FS1,0.28,-13%,506K,-4%,2020
"10/29, 7:30p",SO ALA-GA SO,ESPN,0.30,-40%,441K,-43%,2020
"10/31, 3:30p",TCU-BYLR,ESPN2,0.20,-26%,353K,-16%,2020
"10/30, 9:00p",ECU-TULSA,ESPN2,0.23,-55%,331K,-57%,2020
"10/31, 10:30p",NEV-UNLV,FS1,0.16,n.a.,293K,+17%,2020
"10/30, 9:45p",HAW-WYO,FS1,0.17,—,259K,—,2020
"10/31, Noon",IA ST-KU,FS1,0.14,n.a.,247K,n.a.,2020
"10/31, 7:30p",NAVY-SMU,ESPN2,0.14,n.a.,218K,-21%,2020
"10/31, 7:00p",NM-SJSU,FS1,not available,not available,not available,not available,2020
"10/31, 8:00p",LA-TEX ST,ESPNU,not available,not available,not available,not available,2020
"10/31, 4:00p",APP ST-ULM,ESPNU,not available,not available,not available,not available,2020
"10/31, Noon",C CAR-GA ST,ESPNU,not available,not available,not available,not available,2020
"10/31, Noon",PUR-ILL,BTN,not available,not available,not available,not available,2020
Date/time,Game,Net,Rtg.,+/-,Vwrs.,+/-,2020
"10/24, Noon",NEB-OSU,FOX,3.4,+100%,6.18M,+144%,2020
"10/24, 7:30p",MICH-MINN,ABC,2.7,-33%,5.12M,-23%,2020
"10/24, 3:30p",ALA-TEN,CBS,2.5,+4%,4.36M,+13%,2020
"10/24, 3:30p",IA ST-OKLA ST,FOX,1.6,+14%,2.81M,+26%,2020
"10/24, 3:30p",ND-PITT,ABC,1.4,-39%,2.49M,-31%,2020
"10/24, 7:00p",SC-LSU,ESPN,1.3,-19%,2.43M,-17%,2020
"10/24, 3:30p",PSU-IND,FS1,1.0,—,2.07M,—,2020
"10/24, Noon",OKLA-TCU,ABC,1.2,-29%,2.03M,-22%,2020
"10/24, 3:30p",BYLR-TEX,ESPN,0.6,—,1.15M,—,2020
"10/23, 8:00p",ILL-WISC,BTN,n.a.,—,1.01M,-38%,2020
"10/24, Noon",NC ST-UNC,ESPN,0.6,-70%,1.00M,-69%,2020
"10/24, 3:30p",IOWA-PUR,BTN,n.a.,—,795K,+41%,2020
"10/24, 10:15p",TX ST-BYU,ESPN,0.44,-82%,716K,-83%,2020
"10/24, 5:30p",WVU-TTU,ESPN2,0.38,n.a.,685K,+257%,2020
"10/24, Noon",RUTG-MSU,BTN,n.a.,—,608K,-45%,2020
"10/23, 7:30p",TULSA-USF,ESPN,0.36,-49%,561K,-49%,2020
"10/24, 7:00p",UT ST-BOISE ST,FS1,0.23,—,549K,—,2020
"10/24, 9:00p",CIN-SMU,ESPN2,0.27,-23%,485K,-15%,2020
"10/22, 7:30p",ARK ST-APP ST,ESPN,0.23,-23%,384K,-14%,2020
"10/24, 2:00p",TULANE-UCF,ESPN2,0.17,-23%,296K,-11%,2020
"10/24, Noon",KU-K ST,FS1,0.16,-30%,289K,-16%,2020
"10/24, 10:30p",AF-SJSU,FS1,0.11,—,222K,—,2020
"10/24, 7:15p",MD-NWSTN,BTN,n.a.,—,186K,—,2020
Date/time,Game,Net,Rtg.,+/-,Vwrs.,+/-,2020
"10/17, 8:00p",UGA-ALA,CBS,5.3,-2%*,9.61M,+3%*,2020
"10/17, 2:30p",LOU-ND,NBC,1.8,-5%^,3.12M,-1%^,2020
"10/17, Noon",AUB-SC,ESPN,1.5,-25%,2.57M,-21%,2020
"10/17, 4:00p",T A&M-MISS ST,ESPN,1.5,+50%,2.43M,+55%,2020
"10/17, Noon",CLEM-GT,ABC,1.4,flat,2.25M,+5%,2020
"10/17, 7:30p",UNC-FSU,ABC,1.4,-41%,2.20M,-41%,2020
"10/17, 3:30p",UCF-MEM,ABC,1.1,-31%,1.90M,-25%,2020
"10/17, Noon",KU-WVU,FOX,0.9,-80%,1.46M,-80%,2020
"10/16, 9:30p",BYU-HOU,ESPN,0.9,-36%,1.16M,-33%,2020
"10/16, 6:00p",SMU-TUL,ESPN,0.49,—,832K,—,2020
"10/14, 7:30p",C CAR-LOU,ESPN,0.46,+31%,721K,+33%,2020
"10/15, 7:30p",GA ST-ARK ST,ESPN,0.43,-2%,698K,-2%,2020
"10/17, Noon",NAVY-ECU,ESPN2,n.a.,—,261K,+13%,2020
"10/17, 4:00p",UMASS-GA SO,ESPN2,n.a.,—,130K,—,2020
Date/time,Game,Net,Rtg.,+/-,Vwrs.,+/-,2020
"10/10, 3:30p",TEN-UGA,CBS,3.1,-21%,5.77M,-11%,2020
"10/10, 7:30p",ALA-MISS,ESPN,2.65,+25%,4.89M,+25%,2020
"10/10, Noon",TEX-OU,FOX,2.8,-13%,4.81M,-4%,2020
"10/10, 7:30p",MIA-CLEM,ABC,2.6,-33%,4.61M,-31%,2020
"10/10, Noon",UF-T A&M,ESPN,1.8,+100%,3.10M,+107%,2020
"10/10, 7:30p",FSU-ND,NBC,1.6,+100%,2.92M,+128%,2020
"10/10, 4:00p",K ST-TCU,FOX,1.3,-7%,2.36M,+7%,2020
"10/10, 4:00p",ARK-AUB,ESPN,1.2,+118%,2.12M,+137%,2020
"10/10, Noon",VT-UNC,ABC,1.0,-49%,1.66M,-44%,2020
"10/10, 3:30p",TTU-IA ST,ABC,0.9,-53%,1.38M,-56%,2020
"10/9, 7:00p",LOU-GT,ESPN,0.6,-29%,1.02M,-29%,2020
"10/8, 7:30p",TUL-HOU,ESPN,0.25,+4%,418K,+12%,2020
"10/10, 3:30p",UTSA-BYU,ESPN2,0.17,-32%,317K,-24%,2020
"10/10, Noon",ULM-LIB,ESPN2,n.a.,n.a.,133K,-67%,2020
"10/10, 7:30p",UTEP-LA TECH,ESPN2,n.a.,n.a.,129K,n.a.,2020
Date/time,Game,Net,Rtg.,+/-,Vwrs.,+/-,2020
"10/3, 3:30p",T A&M-ALA,CBS,2.75,+27%,4.76M,+33%,2020
"10/3, 7:30p",AUB-UGA,ESPN,2.2,+83%,4.22M,+112%,2020
"10/3, 7:30p",OKLA-IA ST,ABC,2.1,-40%,3.71M,-40%,2020
"10/3, Noon",TCU-TEXAS,FOX,1.6,-16%,2.70M,-4%,2020
"10/3, Noon",SC-UF,ESPN,1.5,-6%,2.52M,-2%,2020
"10/3, 3:30p",UNC-BC,ABC,1.2,-57%,1.98M,-55%,2020
"10/3, Noon",BYLR-WVU,ABC,1.1,-45%,1.79M,-41%,2020
"10/3, 3:30p",OK ST-KU,ESPN,0.6,-25%,905K,-27%,2020
"10/3, 3:30p",TTU-K ST,FS1,0.33,—,557K,—,2020
"10/2, 7:30p",LA TECH-BYU,ESPN2,0.32,—,505K,—,2020
"10/3, 7:30p",TULSA-UCF,ESPN2,0.24,+20%,435K,+35%,2020
"10/3, 3:30p",MEM-SMU,ESPN2,0.19,-37%,315K,-32%,2020
"10/3, Noon",AK ST-CSTL CAR,ESPN2,n.a.,—,133K,-75%,2020
Date/time,Game,Net,Rtg.,+/-,Vwrs.,+/-,2020
"9/26, 3:30p",MISS ST-LSU,CBS,2.5,-17%,4.44M,-5%,2020
"9/26, 7:30p",FSU-MIA,ABC,1.6,-27%,2.95M,-19%,2020
"9/26, 3:30p",TEXAS-TTU,FOX,1.55,—,2.72M,—,2020
"9/26, Noon",K STATE-OKLA,FOX,1.6,-48%,2.68M,-43%,2020
"9/26, Noon",UF-MISS,ESPN,1.5,-6%,2.67M,+8%,2020
"9/26, 7:00p",ALA-MIZ,ESPN,1.15,+42%,2.09M,+52%,2020
"9/26, 3:30p",WVU-OK ST,ABC,0.8,-49%,1.45M,-43%,2020
"9/26, 3:30p",ARMY-CIN,ESPN,0.6,-35%,1.08M,-30%,2020
"9/26, Noon",UCF-ECU,ABC,0.6,-45%,998K,-35%,2020
"9/26, 10:15p",TROY-BYU,ESPN,0.45,-49%,795K,-43%,2020
"9/24, 7:30p",UAB-SO ALA,ESPN,0.29,-55%,497K,-52%,2020
"9/26, 1:30p",IA ST-TCU,FS1,0.19,—,346K,+118%,2020
"9/26, 7:30p",KU-BAYLOR,ESPNU,n.a.,n.a.,301K,n.a.,2020
"9/26, Noon",GA SO-LOUISIANA,ESPN2,0.14,-83%,246K,-81%,2020
Date/time,Game,Net,Rtg.,+/-,Vwrs.,+/-,2020
"9/19, 7:30p",MIA-LOU,ABC,2.1,-9%,3.80M,+5%,2020
"9/19, 3:30p",UCF-GT,ABC,1.75,+1%,3.06M,+14%,2020
"9/19, Noon",TULSA-OK ST,ESPN,1.05,-6%,1.73M,+1%,2020
"9/19, Noon",NAVY-TULANE,ABC,0.9,-57%,1.35M,-58%,2020
"9/19, 3:30p",APP ST-MARSH,CBS,0.7,-77%,1.25M,-75%,2020
"9/19, 2:30p",USF-ND,USA,0.54,—,957K,—,2020
"9/19, 3:30p",TROY-MID TENN,ESPN,0.40,-34%,642K,-34%,2020
"9/18, 7:30p",CMPBL-CSTL CAR,ESPN,0.29,-68%,509K,-63%,2020
"9/19, Noon",LOUISIANA-GA ST,ESPN2,0.26,-54%,422K,-56%,2020
"9/19, 7:30p",LA TECH-SO MISS,ESPN2,0.18,-53%,282K,-55%,2020
"9/19, 3:45p",SFA-UTSA,ESPN2,0.17,-58%,248K,-59%,2020
"9/19, Noon",LIB-WKU,ESPNU,n.a.,n.a.,117K,n.a.,2020
Date/time,Game,Net,Rtg.,+/-,Vwrs.,+/-,2020
"9/12, 2:30p",DUKE–ND,NBC,2.4,+140%,4.32M,+189%,2020
"9/12, 3:30p",GT–FSU*,ABC,2.0,-50%,3.52M,-46%,2020
"9/12, 7:30p",CLEM–WAKE,ABC,2.0,-60%,3.46M,-60%,2020
"9/12, Noon",ARK ST–K STATE,FOX,1.1,-64%,1.79M,-62%,2020
"9/12, Noon",LA–IOWA ST,ESPN,1.0,+25%,1.68M,+31%,2020
"9/12, 7:30p",GT–FSU*,ESPN2,0.6,—,1.21M,—,2020
"9/12, 9:00p",TULANE–SO ALA,ESPN2,0.31,-31%,516K,-32%,2020
"9/12, 3:30p",UTSA–TEX ST,ESPN2,0.27,-48%,476K,-49%,2020
"9/12, Noon",CHA–APP ST,ESPN2,0.24,-52%,408K,-48%,2020
"9/12, Noon",EKU–WVU,FS1,0.20,-38%,408K,-25%,2020
"9/12, 10:15p",C CAR–KANSAS,FS1,0.24,+20%,375K,+16%,2020
Date/time,Game,Net,Rtg.,+/-,Vwrs.,+/-,2020
"9/5, 4:30p",SMU–TEX ST,ESPN,0.7,-32%,1.23M,-31%,2020
"9/7, 8:00p",BYU–NAVY,ESPN,0.65,-80%,1.15M,-80%,2020
"9/5, 8:15p",ARK ST–MEM,ESPN,0.6,-43%,1.03M,-43%,2020
"9/5, 1:00p",EKU–MARSHALL,ESPN,0.6,-41%,980K,-45%,2020
"8/29, 9:00p",A PEAY–CENT ARK,ESPN,0.33,-30%,501K,-32%,2020
Date/time,Game,Net,Rtg.,+/-,Vwrs.,+/-,2019
"1/13, 8:00p",LSU-CLEMNational Championship,ESPN Megacast,14.3,+4%,25.59M,+1%,2019
"12/28, 8:00p",CLEM-OSUFiesta Bowl (CFP semi),ESPN Megacast,11.1,+12%,21.15M,+11%,2019
"12/28, 4:00p",LSU-OUPeach Bowl (CFP semi),ESPN Megacast,9.5,+1%,17.21M,+2%,2019
"1/1, 5:00p",ORE-WISCRose Bowl,ESPNESPN2,8.7,-2%,16.30M,-3%,2019
"1/1, 1:00p",ALA-MICHCitrus Bowl,ABC,8.0,+82%,14.00M,+82%,2019
"1/1, 8:30p",UGA-BYLRSugar Bowl,ESPNESPN2,5.7,-22%,10.22M,-23%,2019
"12/28, Noon",PSU-MEMCotton Bowl*,ESPN,3.8,-28%,6.22M,-34%,2019
"12/30, 8:00p",UF-UVAOrange Bowl*,ESPN,3.5,-44%,6.07M,-48%,2019
"12/31, 7:30p",TEX-UTAAlamo Bowl,ESPN,3.1,-3%,5.61M,+1%,2019
"12/27, 6:45p",OK ST-T A&MTexas Bowl,ESPN,2.8,+40%,4.90M,+46%,2019
"1/2, 7:00p",TENN-INDGator Bowl,ESPN,2.6,-4%,4.32M,-16%,2019
"12/28, Noon",ND-IA STCamping World Bowl,ABC,2.65,-5%,4.17M,-14%,2019
"1/1, 1:00p",AUB-MINNOutback Bowl,ESPN,2.4,+33%,3.99M,+22%,2019
"12/27, 3:20p",MSU-WAKEPinstripe Bowl,ESPN,2.3,flat,3.80M,+0.1%,2019
"12/31, 3:45p",NAVY-K STLiberty Bowl,ESPN,2.1,-9%,3.33M,-13%,2019
"12/31, 2:00p",ASU-FSUSun Bowl,CBS,2.1,+17%,3.17M,+21%,2019
"12/26, 8:00p",PITT-EMUQuick Lane Bowl,ESPN,1.8,+13%,3.05M,+13%,2019
"1/11, Noon",NDSU-JMUFCS Championship,ABC,1.8,+200%,2.69M,+168%,2019
"12/21, 7:30p",BOISE ST-WASHLas Vegas Bowl,ABC,1.6,-29%,2.64M,-21%,2019
"12/31, Noon",UK-VTBelk Bowl,ESPN,1.7,+3%,2.62M,+3%,2019
"12/27, 10:15p",WASH ST-AFCactus Bowl,ESPN,1.6,flat,2.62M,-3%,2019
"12/27, 8:00p",IOWA-USCHoliday Bowl,FS1,1.3,+44%,2.50M,+40%,2019
"12/24, 8:00p",HAW-BYUHawaii Bowl,ESPN,1.4,+87%,2.43M,+110%,2019
"12/26, 4:00p",LA TECH-MIAIndependence Bowl,ESPN,1.4,+17%,2.37M,+31%,2019
"12/30, 4:00p",MISS ST-LOUMusic City Bowl,ESPN,1.4,-13%,2.20M,-14%,2019
"12/27, Noon",UNC-TEMPMilitary Bowl,ESPN,1.3,-24%,2.07M,-22%,2019
"12/21, 3:30p",SMU-FAUBoca Raton Bowl,ABC,1.3,+63%,1.99M,+48%,2019
"12/30, 4:00p",CAL-ILLSan Francisco Bowl,FOX,1.2,-48%,1.87M,-51%,2019
"12/21, Noon",NC A&T-ALCORNCelebration Bowl,ABC,1.2,-25%,1.81M,-23%,2019
"1/4, 11:30a",TULANE-S MISSArmed Forces Bowl,ESPN,1.2,-25%,1.74M,-33%,2019
"1/2, 3:00p",CIN-BCBirmingham Bowl^,ESPN,1.0,-38%,1.52M,-40%,2019
"1/6, 8:00p",LA-MIA (OH)Mobile Bowl,ESPN,0.9,-10%,1.45M,-15%,2019
"1/3, 3:30p",NEV-OHIOIdaho Potato Bowl,ESPN,0.9,flat,1.36M,-1%,2019
"12/30, Noon",WKU-WMUFirst Responder Bowl,ESPN,0.9,flat,1.29M,-11%,2019
"12/20, 7:30p",UTA ST-KENT STFrisco Bowl,ESPN2,0.8,-11%,1.25M,-14%,2019
"12/23, 2:30p",UCF-MARSHGasparilla Bowl,ESPN,0.8,-27%,1.15M,-34%,2019
"12/21, 9:00p",APP ST-UABNew Orleans Bowl,ESPN,0.6,-25%,963K,-30%,2019
"12/21, 2:00p",SDSU-CMUNew Mexico Bowl,ESPN,0.49,-26%,802K,-17%,2019
"12/20, 2:00p",BUF-CHABahamas Bowl,ESPN,0.55,-2%,739K,-12%,2019
"12/21, 5:30p",FIU-AK STCamellia Bowl,ESPN,0.43,-33%,692K,-30%,2019
Date/time,Game,Net,Rtg.,+/-,Vwrs.,+/-,2019
"12/14, 3:00p",Army-Navy,CBS,4.9,-2%,7.72M,-4%,2019
"12/14, Noon",NDSU-ILL ST,ESPN,1.2,+9%,1.74M,-4%,2019
"12/13, 7:00p",JMU-UNI,ESPN2,0.35,-3%,563K,-1%,2019
"12/13, 7:00p",WEB ST-MT,ESPN2,0.28,—,438K,—,2019
Date/time,Game,Net,Rtg.,+/-,Vwrs.,+/-,2019
"12/7, 4:00p",LSU-UGASEC Championship,CBS,7.9,-22%,13.70M,-22%,2019
"12/7, 8:00p",OSU-WISCBig Ten Championship,FOX,7.6,+52%,13.55M,+56%,2019
"12/7, Noon",OKLA-BYLRBig 12 Championship,ABC,5.5,-11%,8.70M,-14%,2019
"12/6, 8:00p",ORE-UTAPac-12 Championship,ABC,3.5,+35%,5.86M,+44%,2019
"12/7, 7:30p",CLEM-UVAACC Championship,ABC,2.4,-4%,3.97M,-6%,2019
"12/7, 3:30p",MEM-CINAAC Championship,ABC,1.9,-10%,2.88M,-13%,2019
"12/7, Noon",APP ST-LASun Belt Championship,ESPN,0.48,-16%,726K,-19%,2019
"12/7, 4:00p",BOISE ST-HAWIMWC Championship,ESPN,0.37,-37%,550K,-47%,2019
"12/7, Noon",MIA (OH)-CMUMAC Championship,ESPN2,0.24,-37%,358K,-39%,2019
Date/time,Game,Net,Rtg.,+/-,Vwrs.,+/-,2019
"11/30, Noon",OSU-MICH,FOX,7.1,-5%,12.42M,-6%,2019
"11/30, 3:30p",ALA-AUB,CBS,6.3,+24%,11.43M,+25%,2019
"11/30, 8:00p",OKLA-OKLA ST,FOX,3.2,+220%,5.82M,+260%,2019
"11/30, 3:30p",WISC-MINN,ABC,2.9,+123%,5.03M,+131%,2019
"11/30, 4:00p",ND-STAN,FOX,2.0,+11%,3.21M,+6%,2019
"11/30, 7:00p",T A&M-LSU,ESPN,1.6,-11%,2.95M,-10%,2019
"11/29, Noon",TTU-TEX,FOX,1.8,-14%,2.89M,-21%,2019
"11/29, 4:00p",WASH ST-WASH,FOX,1.7,—,2.85M,—,2019
"11/29, Noon",VT-UVA,ABC,1.7,n.a.,2.84M,n.a.,2019
"11/29, 3:30p",CIN-MEM,ABC,1.5,n.a.,2.51M,-29%,2019
"11/30, 7:30p",COLO-UTAH,ABC,1.4,-68%,2.43M,-69%,2019
"11/30, Noon",UGA-GT,ABC,1.4,-7%,2.35M,-1%,2019
"11/29, 2:30p",MIZ-ARK,CBS,1.4,n.a.,2.09M,+9%,2019
"11/30, Noon",CLEM-SC,ESPN,1.0,+117%,1.77M,+132%,2019
"11/29, 8:00p",USF-UCF,ESPN,1.1,-63%,1.76M,-69%,2019
"11/30, 10:00p",ARIZ-ASU,ESPN,0.9,+38%,1.44M,+34%,2019
"11/29, 2:30p",IOWA-NEB,BTN,n.a.,—,1.43M,—,2019
"11/28, 7:30p",MISS-MISS ST,ESPN,0.6,flat,1.35M,+22,2019
"11/29, 4:15p",WVU-TCU,ESPN,0.7,n.a.,1.20M,-31%,2019
"11/30, 7:00p",IA ST-K ST,FS1,0.34,-31%,642K,-22%,2019
"11/30, 3:30p",RUTG-PSU,BTN,n.a.,—,627K,—,2019
"11/30, Noon",IND-PUR,ESPN2,0.32,+28%,612K,+66%,2019
"11/30, 3:30p",BYLR-KU,ESPN,0.36,-28%,581K,-37%,2019
"11/30, 10:30p",CAL-UCLA,FS1,0.26,-19%,494K,-21%,2019
"11/30, 3:30p",MIAMI-DUKE,ESPN2,0.23,-65%,454K,-56%,2019
"11/30, 3:30p",MD-MSU,FS1,0.22,-46%,422K,-47%,2019
"11/30, 7:00p",NAVY-HOU,ESPN2,0.25,-44%,411K,-51%,2019
"11/26, 7:00p",WMU-NIU,ESPNU,n.a.,n.a.,238K,n.a.,2019
"11/30, 10:30p",FRES ST-SJSU,ESPN2,n.a.,n.a.,231K,n.a.,2019
"11/30, Noon",NWSTN-ILL,FS1,n.a.,n.a.,219K,-34%,2019
"11/30, 5:00p",GRAMB-SOUTH,NBCSN,n.a.,n.a.,206K,-13%,2019
"11/29, Noon",TOLEDO-CMU,ESPNU,n.a.,n.a.,n.a.,n.a.,2019
"11/30, Noon",TULSA-ECU,ESPNU,n.a.,n.a.,n.a.,n.a.,2019
"11/30, 4:00p",TULANE-SMU,ESPNU,n.a.,n.a.,n.a.,n.a.,2019
"11/30, 7:30p",ULM-LA,ESPNU,n.a.,n.a.,n.a.,n.a.,2019
Date/time,Game,Net,Rtg.,Vwrs.,,,2019
"11/23, Noon",PSU-OSU,FOX,5.8,9.43M,,,2019
"11/23, 3:30p",T A&M-UGA,CBS,2.9,4.89M,,,2019
"11/23, 7:30p",ORE-ASU,ABC,2.4,4.09M,,,2019
"11/23, 7:00p",ARK-LSU,ESPN,1.9,3.17M,,,2019
"11/23, 8:00p",TCU-OKLA,FOX,1.9,3.15M,,,2019
"11/23, 4:00p",PUR-WISC,FOX,1.9,3.12M,,,2019
"11/23, 3:30p",MICH-IND,ESPN,1.4,2.30M,,,2019
"11/23, 3:30p",UCLA-USC,ABC,1.3,1.94M,,,2019
"11/23, 2:30p",BC-ND,NBC,1.1,1.66M,,,2019
"11/23, Noon",W CAR-ALA,ESPN,0.9,1.44M,,,2019
"11/23, Noon",MINN-NWSTN,ABC,0.9,1.36M,,,2019
"11/23, 10:00p",WASH-COLO,ESPN,0.8,1.18M,,,2019
"11/23, 3:30p",TEX-BYLR,FS1,0.7,1.15M,,,2019
"11/23, Noon",OK ST-WVU,ESPN2,0.53,871K,,,2019
"11/22, 9:30",COLO ST-WYO,ESPN2,0.49,794K,,,2019
"11/23, 7:00p",K ST-TTU,FS1,0.39,633K,,,2019
"11/23, 3:30p",PITT-VT,ESPN2,0.36,571K,,,2019
"11/21, 8:00p",NC ST-GT,ESPN,0.36,558K,,,2019
"11/23, 10:00p",UTAH-ARIZ,FS1,0.33,533K,,,2019
"11/20, 7:30p",TOLEDO-BUF,ESPN2,0.26,386K,,,2019
"11/23, 7:00p",TEMP-CIN,ESPN2,0.22,359K,,,2019
"11/23, 10:30p",NEV-FRES ST,ESPN2,0.19,323K,,,2019
"11/19, 7:30p",EMU-NIU,ESPN2,—,294K,,,2019
"11/19, 7:30p",OHIO-BGSU,ESPNU,—,—,,,2019
"11/20, 7:30p",AKRON-MIA,ESPNU,—,—,,,2019
"11/23, Noon",MSU-RUTG,FS1,—,—,,,2019
"11/23, Noon",YALE-HARV,ESPNU,—,—,,,2019
"11/23, 4:00p",MEM-USF,ESPNU,—,—,,,2019
"11/23, 7:30p",HOU-TULSA,ESPNU,—,—,,,2019
Date/time,Game,Net,Rtg.,+/-,Vwrs.,+/-,2019
"11/16, 7:30p",OKLA-BYLR,ABC,3.9,+105%,6.79M,+119%,2019
"11/16, 3:30p",UGA-AUB,CBS,4.0,+208%,6.77M,+234%,2019
"11/16, 4:00p",MINN-IOWA,FOX,2.6,+100%,4.41M,+123%,2019
"11/16, Noon",MSU-MICH,FOX,2.5,+56%,3.94M,+57%,2019
"11/16, Noon",IND-PSU,ABC,1.9,-46%,2.93M,-47%,2019
"11/16, 7:00p",LSU-MISS,ESPN,1.5,+7%,2.63M,+7%,2019
"11/16, Noon",ALA-MISS ST,ESPN,1.5,+114%,2.49M,+140%,2019
"11/16, Noon",UF-MIZ,CBS,1.5,—,2.29M,—,2019
"11/16, 3:30p",WF-CLEM,ABC,1.2,-50%,1.91M,-51%,2019
"11/16, 10:30p",AZ-ORE,ESPN,1.0,flat,1.61M,+3%,2019
"11/16, 2:30p",NAVY-ND,NBC,1.0,-44%,1.56M,-46%,2019
"11/16, 8:00p",UCLA-UTAH,FOX,1.0,-44%,1.52M,-45%,2019
"11/16, 3:30p",TEX-IA ST,FS1,0.6,-57%,1.07M,-53%,2019
"11/16, 3:30p",WVU-K ST,ESPN,0.6,+36%,980K,+34%,2019
"11/14, 8:00p",UNC-PITT,ESPN,0.51,—,789K,+109%,2019
"11/16, Noon",TCU-TTU,ESPN2,0.36,—,562K,+107%,2019
"11/16, 11:00p",USC-CAL,FS1,0.34,—,551K,—,2019
"11/15, 9:30p",FRES ST-SDSU,ESPN2,0.34,-8%,530K,-15%,2019
"11/16, 7:30p",ASU-ORE ST,FS1,0.29,—,488K,—,2019
"11/13, 8:00p",NIU-TOLEDO,ESPN2,0.24,—,347K,-15%,2019
"11/12, 6:00p",WMU-OHIO,ESPN2,0.21,—,338K,-5%,2019
"11/16, Noon",KU-OKLA ST,FS1,0.22,-4%,334K,-18%,2019
"11/16, 3:30p",MEM-HOU,ESPN2,n.a.,n.a.,292K,-59%,2019
"11/16, 7:00p",AF-COLO ST,ESPN2,n.a.,n.a.,229K,-68%,2019
"11/16, 10:15p",NM-BOISE ST,ESPN2,n.a.,n.a.,224K,-24%,2019
"11/12, 6:00p",EMU-AKRON,ESPNEWS,n.a.,n.a.,n.a.,n.a.,2019
"11/13, 8:00p",BGSU-MIA (OH),ESPNU,n.a.,n.a.,n.a.,n.a.,2019
"11/16, Noon",TULANE-TEM,ESPNU,n.a.,n.a.,n.a.,n.a.,2019
"11/16, 4:00p",WYO-UTA ST,ESPNU,n.a.,n.a.,n.a.,n.a.,2019
"11/16, 7:30p",APP ST-GA ST,ESPNU,n.a.,n.a.,n.a.,n.a.,2019
Date/time,Game,Net,Rtg.,+/-,Vwrs.,+/-,2019
"11/9, 3:30p",LSU-ALA,CBS,9.7,+194%,16.64M,+207%,2019
"11/9, Noon",PSU-MINN,ABC,4.3,+187%,6.74M,+197%,2019
"11/9, 8:00p",IA ST-OKLA,FOX,1.9,+19%,3.17M,+18%,2019
"11/9, 7:30p",CLEM-NC ST,ABC,1.6,-33%,2.71M,-30%,2019
"11/9, Noon",MD-OSU,FOX,1.7,-48%,2.58M,-50%,2019
"11/9, 4:00p",IOWA-WISC,FOX,1.4,-13%,2.32M,-12%,2019
"11/9, 7:00p",MIZ-UGA,ESPN,1.2,-45%,2.17M,-46%,2019
"11/9, 3:30p",USC-ASU,ABC,1.2,-54%,1.63M,-58%,2019
"11/9, Noon",VANDY-UF,ESPN,0.75,-42%,1.23M,-41%,2019
"11/9, 10:15p",WYO-BOISE ST,ESPN,0.7,-30%,1.18M,-26%,2019
"11/9, 3:30p",K ST-TEX,ESPN,0.6,-25%,1.05M,-20%,2019
"11/8, 7:00p",UCF-TULSA,ESPN2,0.5,-18%,787K,-26%,2019
"11/9, 7:00p",APP ST-SC,ESPN2,0.41,+41%,739K,+34%,2019
"11/9, Noon",BYLR-TCU,FS1,0.45,+15%,728K,even,2019
"11/8, 10:30p",WASH-ORE ST,FS1,0.40,—,648K,—,2019
"11/9, 3:30p",ILL-MSU,FS1,0.33,+38%,569K,+57%,2019
"11/7, 8:00p",TEMP-USF,ESPN,0.31,-38%,431K,-42%,2019
"11/9, Noon",TTU-WVU,ESPN2,0.27,+29%,429K,+11%,2019
"11/6, 8:00p",MIA (OH)-OHIO,ESPN2,0.25,-11%,359K,-28%,2019
"11/9, 3:30p",LOU-MIA,ESPN2,0.21,-30%,330K,-38%,2019
"11/9, 10:30p",NEV-SDSU,ESPN2,0.20,—,325K,-22%,2019
"11/5, 7:00p",BALL ST-WMU,ESPN2,—,—,212K,—,2019
"11/9, 7:30p",LIB-BYU,ESPNU,—,—,166K,—,2019
"11/7, 7:30p",LA-CO CAR,ESPNU,n.a.,n.a.,n.a.,n.a.,2019
"11/9, Noon",ECU-SMU,ESPNU,n.a.,n.a.,n.a.,n.a.,2019
"11/9, 3:30p",DART-PRNC,ESPNU,n.a.,n.a.,n.a.,n.a.,2019
Date/time,Game,Net,Rtg.,+/-,Vwrs.,+/-,2019
"11/2, 3:30p",UGA-UF,CBS,4.2,+62%,6.98M,+59%,2019
"11/2, 8:00p",ORE-USC,FOX,2.05,+74%,3.43M,+76%,2019
"11/2, Noon",MICH-MD,ABC,2.1,+91%,3.10M,+100%,2019
"11/2, 2:30p",VT-ND,NBC,1.9,—,2.95M,—,2019
"11/2, 7:30p",SMU-MEM,ABC,1.8,-5%,2.95M,+6%,2019
"11/2, Noon",NEB-PUR,FOX,1.8,-42%,2.70M,-46%,2019
"11/2, 7:00p",MISS-AUB,ESPN,1.2,-37%,2.21M,+33%,2019
"11/2, 3:30p",MIA-FSU,ABC,1.3,+44%,2.01M,+49%,2019
"11/2, 4:00p",UTAH-WASH,FOX,1.3,-52%,1.96M,-56%,2019
"10/31, 8:00p",WVU-BYLR,ESPN,0.7,-10%,1.13M,-5%,2019
"11/2, Noon",NC ST-WAKE,ESPN,0.6,-63%,890K,-66%,2019
"11/2, 3:30p",TCU-OK ST,ESPN,0.51,-80%,797K,-81%,2019
"11/1, 8:00p",NAVY-UCONN,ESPN2,0.48,-47%,742K,-45%,2019
"11/2, Noon",HOU-UCF,ESPN2,0.49,-2%,736K,-3%,2019
"11/2, 10:00p",BYU-UTA ST,ESPN2,0.34,+21%,592K,+26%,2019
"11/2, 7:00p",UAB-TENN,ESPNU,n.a.,n.a.,496K,n.a.,2019
"11/2, 7:30p",NWSTN-IND,FS1,0.25,—,377K,—,2019
"11/2, 3:30p",K ST-KU,FS1,n.a.,n.a.,296K,-38%,2019
"10/31, 8:00p",GA SO-APP ST,ESPNU,n.a.,n.a.,195K,n.a.,2019
"11/2, Noon",BUF-EMU,ESPNU,n.a.,n.a.,n.a.,n.a.,2019
"11/2, 4:00p",TULSA-TUL,ESPN2,n.a.,n.a.,n.a.,n.a.,2019
"11/2, 3:30p",ARK ST-ULM,ESPNU,n.a.,n.a.,n.a.,n.a.,2019
"11/2, 10:30p",NM-NEV,ESPNU,n.a.,n.a.,n.a.,n.a.,2019
Date/time,Game,Net,Rtg.,+/-,Vwrs.,+/-,2019
"10/26, 3:30p",AUB-LSU,CBS,4.3,+10%,7.18M,+13%,2019
"10/26, 7:30p",ND-MICH,ABC,3.8,+81%,6.75M,+94%,2019
"10/26, Noon",WISC-OSU,FOX,4.2,+180%,6.65M,+197%,2019
"10/26, Noon",OKLA-KST,ABC,2.7,+35%,4.21M,+33%,2019
"10/26, 3:30p",PSU-MSU,ABC,2.3,+64%,3.92M,+92%,2019
"10/26, 3:30p",TEX-TCU,FOX,1.6,+23%,2.58M,+30%,2019
"10/26, 3:30p",ARK-ALA,ESPN,1.2,-8%,2.12M,-3%,2019
"10/26, 10:30p",WASH ST-ORE,ESPN,1.1,+57%,1.90M,+60%,2019
"10/26, Noon",MIA-PIT,ESPN,0.7,-53%,1.08M,-55%,2019
"10/25, 9:00p",USC-COLO,ESPN2,0.51,+9%,773K,+10%,2019
"10/24, 7:30p",SMU-HOU,ESPN,0.50,-17%,769K,-21%,2019
"10/26, 3:30p",MD-MIN,ESPN,0.44,-78%,663K,-80%,2019
"10/26, Noon",IOWA-NWSTN,ESPN2,0.37,-33%,584K,-34%,2019
"10/26, 3:30p",OKLA ST-IA ST,FS1,0.32,+68%,529K,+63%,2019
"10/26, 3:30p",SYR-FSU,ESPN2,0.27,+35%,422K,-34%,2019
"10/26, 7:00p",TTU-KU,FS1,0.22,-37%,379K,-33%,2019
"10/26, 7:00p",UCF-TEMP,ESPN2,n.a.,—,277K,-59%,2019
"10/26, 10:00p",CAL-UTAH,FS1,n.a.,—,251K,—,2019
"10/26, 3:30p",FIU-MID TENN,NFLN,n.a.,n.a.,25K,n.a.,2019
"10/26, Noon",APP ST-SO ALA,ESPNU,n.a.,n.a.,n.a.,n.a.,2019
"10/26, 3:45p",USF-ECU,ESPNU,n.a.,n.a.,n.a.,n.a.,2019
"10/26, 7:30p",COLO ST-FRES ST,ESPNU,n.a.,n.a.,n.a.,n.a.,2019
"10/26, 10:15p",UTA ST-AF,ESPN2,n.a.,n.a.,n.a.,n.a.,2019
Date/time,Game,Net,Rtg.,+/-,Vwrs.,+/-,2019
"10/19, 7:30p",MICH-PSU,ABC,4.0,+5%,6.66M,+6%,2019
"10/19, 9:00p",TENN-ALA,ESPN,2.4,—,4.25M,—,2019
"10/19, 3:30p",LSU-MISS ST,CBS,2.4,-8%,3.86M,-10%,2019
"10/19, 3:30p",ORE-WASH,ABC,2.3,+15%,3.62M,+16%,2019
"10/19, Noon",UF-SC,ESPN,2.0,+54%,3.19M,+44%,2019
"10/19, 6:00p",UK-UGA,ESPN,1.6,-16%,2.94M,-5%,2019
"10/19, Noon",CLEM-LOU,ABC,1.7,flat,2.61M,+5%,2019
"10/19, Noon",WVU-OKLA,FOX,1.7,-50%,2.54M,-53%,2019
"10/19, 4:00p",BYLR-OKLA ST,FOX,1.4,-30%,2.23M,-30%,2019
"10/18, 8:30p",OSU-NWSTN,BTN,—,—,1.64M,—,2019
"10/19, Noon",WISC-ILL,BTN,—,—,1.11M,—,2019
"10/18, 7:00p",PITT-SYR,ESPN,0.7,—,1.09M,—,2019
"10/19, Noon",PUR-IOWA,ESPN2,0.49,+14%,799K,+14%,2019
"10/19, 10:15p",BOISE ST-BYU,ESPN2,0.35,-10%,571K,-7%,2019
"10/19, 3:30p",MINN-RUTG,BTN,—,—,564K,—,2019
"10/16, 8:00p",SO ALA-TROY,ESPN2,0.29,—,448K,—,2019
"10/17, 9:00p",UCLA-STAN,ESPN,0.30,-42%,445K,-45%,2019
"10/19, Noon",IOWA ST-TTU,FS1,0.23,-51%,343K,-56%,2019
"10/19, 7:00p",COLO-WASH ST,ESPNU,n.a.,n.a.,271K,n.a.,2019
"10/19, 7:00p",TUL-MEM,ESPN2,n.a.,n.a.,192K,-60%,2019
"10/17, 7:00p",LA-ARK ST,ESPNU,n.a.,n.a.,n.a.,n.a.,2019
"10/19, Noon",HOU-UCONN,ESPNU,n.a.,n.a.,n.a.,n.a.,2019
"10/19, 3:30p",TUL-CIN,ESPNU,n.a.,n.a.,n.a.,n.a.,2019
"10/19, 10:30p",NEV-UTA ST,ESPNU,n.a.,n.a.,n.a.,n.a.,2019
"10/19, 3:30p",SO MISS-LA TECH,NFLN,—,—,—,—,2019
Date/time,Game,Net,Rtg.,+/-,Vwrs.,+/-,2019
"10/12, Noon",OKLA-TEX,FOX,4.5,—,7.25M,—,2019
"10/12, 8:00p",UF-LSU,ESPN,3.6,+80%,6.45M,+72%,2019
"10/12, 3:30p",ALA-T A&M,CBS,3.7,+12%,6.11M,+10%,2019
"10/12, 7:30p",PSU-IOWA,ABC,2.2,-37%,3.70M,-39%,2019
"10/12, Noon",SC-UGA,ESPN,2.0,+33%,3.25M,+30%,2019
"10/12, 7:30p",USC-ND*,NBC,1.9,+6%,3.16M,+12%,2019
"10/12, 3:30p",FSU-CLEM,ABC,1.6,-16%,2.54M,-15%,2019
"10/12, Noon",MICH-ILL,ABC,1.4,-18%,2.13M,-12%,2019
"10/11, 8:00p",UVA-MIA,ESPN,1.1,+57%,1.73M,+48%,2019
"10/12, 4:00p",IA ST-WVU,ESPN,1.0,flat,1.57M,-12%,2019
"10/12, 7:30p",NEB-MINN,FS1,0.53,-29%,1.02M,-23%,2019
"10/12, 4:00p",TTU-BYLR,FS1,0.48,+45%,810K,+62%,2019
"10/12, 10:30p",WASH-ARIZ,FS1,0.42,-40%,730K,-38%,2019
"10/10, 8:00p",SYR-NC ST,ESPN,0.44,-45%,714K,-42%,2019
"10/11, 10:00p",COLO-ORE,FS1,0.38,—,687K,—,2019
"10/12, 10:15p",HAW-BOISE ST,ESPN2,0.34,-11%,555K,-14%,2019
"10/9, 8:00p",APP ST-LA,ESPN2,0.35,—,543K,—,2019
"10/12, 7:00p",MISS-MIZ,ESPN2,0.30,-40%,495K,-43%,2019
"10/12, 3:30p",CIN-HOU,ESPN2,n.a.,n.a.,261K,-23%,2019
"10/12, Noon",MEM-TEM,ESPN2,n.a.,n.a.,232K,-69%,2019
"10/10, 9:15p",ULM-TEX ST,ESPNU,n.a.,n.a.,n.a.,n.a.,2019
"10/12, Noon",MIA OH-WMU,ESPNU,n.a.,n.a.,n.a.,n.a.,2019
"10/12, 3:45p",UCONN-TUL,ESPNU,n.a.,n.a.,n.a.,n.a.,2019
"10/12, 7:30p",NAVY-TULSA,ESPNU,n.a.,n.a.,n.a.,n.a.,2019
* compared to afternoon game last year,* compared to afternoon game last year,* compared to afternoon game last year,* compared to afternoon game last year,* compared to afternoon game last year,* compared to afternoon game last year,* compared to afternoon game last year,2019
Date/time,Game,Net,Rtg.,+/-,Vwrs.,+/-,2019
"10/5, 7:30p",MSU-OSU,ABC,3.9,+44%,6.68M,+49%,2019
"10/5, 3:30p",AUB-UF,CBS,3.9,+34%,6.43M,+37%,2019
"10/5, Noon",IOWA-MICH,FOX,3.2,-9%,5.02M,-10%,2019
"10/5, 7:00p",UGA-TENN,ESPN,2.1,+50%,3.90M,+53%,2019
"10/5, 3:30p",TEX-WVU,ABC,1.9,+6%,3.16M,+13%,2019
"10/5, 12:30p",OKLA-KU,ABC,1.95,+27%,2.98M,+28%,2019
"10/5, 4:00p",NWSTN-NEB,FOX,1.4,+43%,2.21M,+45%,2019
"10/5, 8:00p",CAL-ORE,FOX,1.2,-8%,2.00M,-1%,2019
"10/5, 10:30p",WASH-STAN,ESPN,1.1,+22%,1.88M,+33%,2019
"10/5, Noon",PUR-PSU,ESPN,0.9,-40%,1.50M,-40%,2019
"10/4, 8:00p",UCF-CIN,ESPN,0.9,+50%,1.44M,+45%,2019
"10/5, 3:30p",BGSU-ND,NBC,0.8,—,1.28M,—,2019
"10/5, 3:30p",VT-MIA,ESPN,0.55,-10%,893K,-8%,2019
"10/5, Noon",OKLA ST-TTU,FS1,0.21,-48%,456K,-26%,2019
"10/5, 3:30p",BYLR-K ST,ESPN2,0.25,-43%,418K,-42%,2019
"10/5, 2:00p",TCU-IA ST,ESPN2,0.27,-40%,403K,-45%,2019
"10/3, 8:00p",TEMP-ECU,ESPN,0.24,-37%,374K,-33%,2019
"10/5, Noon",KENT ST-WISC,ESPNU,n.a.,n.a.,360K,n.a.,2019
"10/5, 10:00p",SDSU-COLO ST,ESPN2,n.a.,—,225K,—,2019
"10/5, 7:30p",TULSA-SMU,ESPNU,n.a.,n.a.,175K,n.a.,2019
"10/3, 7:30p",GA SO-SO ALA,ESPNU,n.a.,n.a.,n.a.,n.a.,2019
"10/5, 3:45p",MEM-ULM,ESPNU,n.a.,n.a.,n.a.,n.a.,2019
Date/time,Game,Net,Rtg.,+/-,Vwrs.,+/-,2019
"9/28, 7:30p",OSU-NEB,ABC,3.5,-34%,6.14M,-33%,2019
"9/28, 3:30p",CLEM-UNC,ABC,2.8,+56%,4.40M,+59%,2019
"9/28, 3:30p",MISS-ALA,CBS,2.2,-4%,3.59M,-1%,2019
"9/28, Noon",NWSTN-WISC,ABC,2.0,-33%,3.03M,-32%,2019
"9/28, 3:30p",UVA-ND*,NBC,1.8,-14%,2.82M,-18%,2019
"9/28, Noon",TTU-OKLA,FOX,1.9,—,2.81M,—,2019
"9/28, Noon",TAMU-ARK,ESPN,1.6,+60%,2.58M,+62%,2019
"9/28, 3:30p",USC-WASH,FOX,1.3,-43%,2.03M,-44%,2019
"9/28, 7:00p",MISS ST-AUB,ESPN,1.2,+9%,1.99M,+5%,2019
"9/28, 10:30p",UCLA-ARIZ,ESPN,1.0,-9%,1.63M,-20%,2019
"9/27, 10:30p",ASU-CAL,ESPN,0.9,—,1.41M,—,2019
"9/28, 3:30p",IA ST-BYLR,ESPN,0.8,—,1.25M,—,2019
"9/27, 7:00p",DUKE-VT,ESPN,0.8,—,1.20M,—,2019
"9/27, 8:00p",PSU-MD,FS1,0.6,+15%,990K,+18%,2019
"9/26, 8:00p",NAVY-MEM,ESPN,0.5,-25%,730K,-28%,2019
"9/28, 10:00p",WASH ST-UTAH,FS1,0.39,-11%,677K,-10%,2019
"9/28, Noon",MID TN-IOWA,ESPN2,0.30,-57%,529K,-54%,2019
"9/28, 3:30p",MINN-PUR,ESPN2,0.30,-57%,460K,-56%,2019
"9/28, 7:00p",UCONN-UCF,ESPN2,0.20,-51%,322K,-55%,2019
"9/28, 10:30p",HAW-NEV,ESPN2,n.a.,n.a.,254K,-66%,2019
"9/28, 8:00p",UNLV-WYO,ESPNU,n.a.,n.a.,137K,-63%,2019
"9/28, Noon",KAN-TCU,FS1,n.a.,n.a.,133K,-69%,2019
"9/28, 3:30p",FAU-CHA,NFLN,n.a.,—,n.a.,—,2019
* compared to primetime game last year,* compared to primetime game last year,* compared to primetime game last year,* compared to primetime game last year,* compared to primetime game last year,* compared to primetime game last year,* compared to primetime game last year,2019
Date/time,Game,Net,Rtg.,+/-,Vwrs.,+/-,2019
"9/21, 8:00p",ND-UGA,CBS,5.4,—,9.29M,—,2019
"9/21, Noon",MICH-WISC,FOX,3.1,—,4.73M,—,2019
"9/21, 3:30p",AUB-T A&M,CBS,3.0,-12%,4.66M,-18%,2019
"9/21, 8:00p",OKLA ST-TEX,ABC,2.2,-12%,3.64M,-13%,2019
"9/21, 3:30p",UCF-PITT;WASH-BYU,ABC,1.7,+38%,2.55M,+41%,2019
"9/21, Noon",TENN-UF,ESPN,1.6,-20%,2.46M,-26%,2019
"9/21, 3:30p",LOU-FSU,ESPN,1.0,+19%,1.54M,+24%,2019
"9/21, Noon",MSU-NWSTN,ABC,1.1,-35%,1.53M,-37%,2019
"9/20, 9:00p",UTAH-USC,FS1,0.9,+29%,1.42M,+21%,2019
"9/21, 10:30p",UCLA-WASH ST,ESPN,0.9,-18%,1.39M,-24%,2019
"9/21, 7:00p",ORE-STAN,ESPN,0.8,-33%,1.37M,-35%,2019
"9/21, Noon",USM-ALA,ESPN,0.8,+167%,1.29M,+205%,2019
"9/19, 8:00p",HOU-TUL,ESPN,0.6,+33%,1.03M,+41%,2019
"9/21, 8:00p",NEB-ILL,BTN,0.46,—,896K,—,2019
"9/20, 9:00p",AF-BOISE ST,ESPN2,0.6,—,895K,—,2019
"9/21, 3:30p",UCF-PITTWASH-BYU,ESPN2,0.38,+73%,593K,+72%,2019
"9/21, 7:00p",ODU-UVA,ESPN2,0.26,-63%,414K,-66%,2019
"9/21, 3:30p",SMU-TCU,FS1,0.26,-4%,410K,-1%,2019
"9/21, Noon",CAL-MISS,ESPNU,n.a.,n.a.,392K,+86%,2019
"9/21, 10:15p",TOLEDO-COL ST,ESPN2,n.a.,n.a.,185K,-33%,2019
"9/21, Noon",ULM-IA ST,FS1,n.a.,n.a.,159K,-89%,2019
"9/21, 3:30p",TEMPLE-BUFF,ESPNU,n.a.,n.a.,n.a.,n.a.,2019
"9/21, 7:00p",BALL ST-NC ST,ESPNU,n.a.,n.a.,n.a.,n.a.,2019
"9/21, 3:30p",S ALA-UAB,NFLN,n.a.,n.a.,n.a.,n.a.,2019
Date/time,Game,Net,Rtg.,+/-,Vwrs.,+/-,2019
"9/14, 3:30p",ALA-SC,CBS,3.0,-14%,4.95M,-17%,2019
"9/14, 7:30p",CLEM-SYR,ABC,2.3,-45%,3.62M,-50%,2019
"9/14, 12:30p",PITT-PSU,ABC,2.1,-5%,3.20M,-4%,2019
"9/14, 7:00p",UF-UK,ESPN,1.7,-26%,3.14M,-24%,2019
"9/14, Noon",OSU-IND,FOX,2.0,—,3.05M,—,2019
"9/14, 8:00p",OKLA-UCLA,FOX,1.7,-6%,2.74M,-7%,2019
"9/14, 4:00p",ASU-MSU,FOX,1.7,+143%,2.71M,+152%,2019
"9/14, 3:30p",BYU-USC,ABC,1.7,-11%,2.67M,-8%,2019
"9/13, 9:15p",WASH ST-HOU,ESPN,1.3,—,2.07M,—,2019
"9/14, 10:30p",TTU-ARIZ,ESPN,1.1,+10%,1.73M,+9%,2019
"9/14, Noon",KST-MISS ST,ESPN,1.1,-8%,1.70M,-9%,2019
"9/14, 2:30p",NM-ND,NBC,1.0,-29%,1.50M,-29%,2019
"9/13, 6:00p",UNC-WAKE,ESPN,0.9,+76%,1.37M,+73%,2019
"9/14, 4:00p",IOWA-IA ST,FS1,0.6,n.a.,1.17M,+302%,2019
"9/14, 3:30p",STAN-UCF,ESPN,0.6,-28%,967K,-33%,2019
"9/14, Noon",ARK ST-UGA,ESPN2,0.6,+104%,951K,+106%,2019
"9/14, 7:00p",KENT ST-AUB,ESPN2,0.38,n.a.,625K,n.a.,2019
"9/14, Noon",NC ST-WVU,FS1,0.39,-9%,606K,-32%,2019
"9/14, 3:30p",OK ST-TULSA,ESPN2,0.40,n.a.,605K,n.a.,2019
"9/14, 8:00p",NIU-NEB,FS1,n.a.,—,477K,—,2019
"9/14, 10:15p",PR ST-BOISE ST,ESPN2,0.23,n.a.,391K,n.a.,2019
"9/14, 3:30p",ARMY-UTSA,NFLN,n.a.,n.a.,142K,n.a.,2019
"9/14, 7:00p",LAMAR-T A&M,ESPNU,n.a.,n.a.,142K,n.a.,2019
"9/14, Noon",MIA (OH)-CIN,ESPNU,n.a.,n.a.,n.a.,n.a.,2019
"9/14, 3:30p",MEM-SO ALA,ESPNU,n.a.,n.a.,n.a.,n.a.,2019
Date/time,Game,Net,Rtg.,+/-,Vwrs.,+/-,2019
"9/7, 7:30p",LSU-TEX,ABC,5.0,+150%,8.63M,+163%,2019
"9/7, 3:30p",T A&M-CLEM,ABC,4.0,+90%,6.46M,+90%,2019
"9/7, Noon",ARMY-MICH,FOX,3.1,+66%,4.72M,+63%,2019
"9/7, 3:30p",NEB-COLO,FOX,2.0,+67%,3.45M,+71%,2019
"9/7, Noon",CIN-OSU,ABC,1.9,+12%,2.94M,+16%,2019
"9/7, 8:00p",BUF-PSU,FOX,1.3,-7%,2.17M,-5%,2019
"9/7, 10:30p",STAN-USC,ESPN,1.2,-20%,1.86M,-19%,2019
"9/7, 7:00p",BYU-TENN,ESPN,0.9,-65%,1.60M,-64%,2019
"9/6, 9:00p",MARSH-BOISE ST,ESPN2,0.9,+29%,1.38M,+28%,2019
"9/7, Noon",SYR-MD,ESPN,0.8,-27%,1.28M,-29%,2019
"9/7, 4:00p",MURR-UGA,ESPN2,0.52,-48%,942K,-43%,2019
"9/7, Noon",WVU-MIZ,ESPN2,0.50,+100%,782K,+106%,2019
"9/7, 7:30p",TUL-AUB,ESPN2,0.45,-10%,763K,-11%,2019
"9/7, Noon",RUTG-IOWA,FS1,0.32,-47%,545K,-40%,2019
"9/7, 10:30p",CAL-WASH,FS1,0.20,n.a.,323K,+39%,2019
"9/7, 7:30p",TMART-UF,ESPNU,n.a.,n.a.,364K,+50%,2019
"9/7, 3:30p",USM-MISS ST,ESPNU,n.a.,n.a.,231K,-19%,2019
"9/7, Noon",ODU-VT,ESPNU,n.a.,n.a.,201K,-40%,2019
"9/7, 3:30p",GRAMB-LA TECH,NFLN,n.a.,n.a.,n.a.,n.a.,2019
Date/time,Game,Net,Rtg.,+/-,Vwrs.,+/-,2019
"8/31, 7:30p",ORE-AUB,ABC,4.0,+48%,6.86M,+51%,2019
"9/2, 8:00p",ND-LOU,ESPN,3.3,-3%,5.60M,+0.4%,2019
"9/1, 7:30p",HOU-OKLA,ABC,3.0,-21%,5.44M,-17%,2019
"8/31, 3:30p",DUKE-ALA,ABC,2.8,-13%,4.64M,-12%,2019
"8/31, Noon",FAU-OSU,FOX,1.6,+78%,2.62M,+89%,2019
"8/31, 4:00p",NWSTN-STAN,FOX,1.3,+117%,2.02M,+117%,2019
"8/31, Noon",MISS-MEM,ABC,1.2,-45%,1.88M,-46%,2019
"8/31, 7:30p",UGA-VANDY,ESPN,1.0,+67%,1.82M,+81%,2019
"8/30, 7:50p",WISC-USF,ESPN,1.05,+17%,1.80M,+28%,2019
"8/31, Noon",S ALA-NEB,ESPN,1.0,-17%,1.78M,-8%,2019
"8/31, 3:30p",S CAR-UNC,ESPN,1.05,+50%,1.78M,+49%,2019
"8/29, 10:30p",UTA-BYU,ESPN,1.0,—,1.68M,—,2019
"8/31, 11:00p",FRES ST-USC,ESPN,1.0,+33%,1.65M,+28%,2019
"8/29, 7:00p",UCLA-CIN,ESPN,1.05,—,1.63M,—,2019
"8/30, 11:10p",CSU-COLO,ESPN,0.8,—,1.28M,—,2019
"8/31, Noon",BOISE ST-FSU,ESPNEWS,n.a.,n.a.,1.19M,n.a.,2019
"8/31, 7:30p",MTENN-MICH,BTN,—,—,1.10M,—,2019
"8/30, 7:00p",TULSA-MSU,FS1,0.6,—,939K,—,2019
"8/30, 10:30p",OKST-ORST,FS1,0.49,+29%,789K,+32%,2019
"8/31, 7:45p",MIA (OH)-IOWA,FS1,0.34,—,707K,—,2019
"8/31, 3:30p",GA ST-TENN,ESPNU,n.a.,n.a.,702K,+115%,2019
"8/31, 3:30p",Idaho-PSU,BTN,—,—,588K,—,2019
"8/31, Noon",UNI-IOWA ST,FS1,0.31,-61%,493K,-61%,2019
"8/29, 9:00p",S DAK ST-MINN,FS1,0.24,+20%,392K,+16%,2019
"8/31, Noon",MISS ST-LA,ESPNU,n.a.,n.a.,370K,+54%,2019
Date/time,Game,Net,Rtg.,+/-,Vwrs.,+/-,2019
"8/24, 7:00p",Miami-UF,ESPN,3.4,+871%,5.97M,+958%,2019
"8/24, 9:00a",College Gameday,ESPN,—,—,1.05M,—,2019
"8/24, 3:00p",YSU-Samford,ESPN,0.47,—,718K,—,2019
